,lft_emp,state
1,4.229,Active_wake
2,4.2396,Active_wake
3,4.23205,Active_wake
4,4.2366,Active_wake
5,4.22635,Active_wake
6,4.2246,Active_wake
7,4.227,Active_wake
8,4.22215,Active_wake
9,4.21645,Active_wake
10,4.2128,Active_wake
11,4.2283,Active_wake
12,4.2118,Active_wake
13,4.219,Active_wake
14,4.2155,Active_wake
15,4.216,Active_wake
16,4.210100000000001,Active_wake
17,4.2281,Active_wake
18,4.22455,Active_wake
19,4.2076,Active_wake
20,4.2192,Active_wake
21,4.2239,Active_wake
22,4.2052,Active_wake
23,4.1845,Active_wake
24,4.2168,Active_wake
25,4.2301,Active_wake
26,4.2281,Active_wake
27,4.23135,Active_wake
28,4.2262,Active_wake
29,4.22195,Active_wake
30,4.2306,Active_wake
31,4.22245,Active_wake
32,4.2299500000000005,Active_wake
33,4.215,Active_wake
34,4.2312,Active_wake
35,4.2262,Active_wake
36,4.2339,Active_wake
37,4.2268,Active_wake
38,4.2325,Active_wake
39,4.2243,Active_wake
40,4.2292,Active_wake
41,4.2095,Active_wake
42,4.2236,Active_wake
43,4.21045,Active_wake
44,4.234500000000001,Active_wake
45,4.2308,Active_wake
46,4.2227,Active_wake
47,4.2064,Active_wake
48,4.2273,Active_wake
49,4.219,Active_wake
50,4.2124,Active_wake
51,4.2473,Active_wake
52,4.2194,Active_wake
53,4.2527,Active_wake
54,4.2566,Active_wake
55,4.2392,Active_wake
56,4.2176,Active_wake
57,4.2365,Active_wake
58,4.2373,Active_wake
59,4.2416,Active_wake
60,4.2271,Active_wake
61,4.2326,Active_wake
62,4.19455,Active_wake
63,4.187,Active_wake
64,4.2295,Active_wake
65,4.2322,Active_wake
66,4.236,Active_wake
67,4.2356,Active_wake
68,4.2134,Active_wake
69,4.218,Active_wake
70,4.2335,Active_wake
71,4.26125,Active_wake
72,4.317,Active_wake
1,4.15445,NREM
2,4.1525,NREM
3,4.1527,NREM
4,4.15355,NREM
5,4.1653,NREM
6,4.1725,NREM
7,4.1756,NREM
8,4.1752,NREM
9,4.17295,NREM
10,4.1802,NREM
11,4.1799,NREM
12,4.1831,NREM
13,4.1823,NREM
14,4.18845,NREM
15,4.1898,NREM
16,4.1933,NREM
17,4.1602,NREM
18,4.1653,NREM
19,4.1899,NREM
1,4.26,REM
2,4.2557,REM
3,4.2634,REM
4,4.2593499999999995,REM
5,4.2626,REM
6,4.2742,REM
1,4.2052499999999995,Quite_Wake
2,4.1826,Quite_Wake
3,4.1978,Quite_Wake
4,4.1949,Quite_Wake
5,4.1953,Quite_Wake
6,4.1762,Quite_Wake
7,4.1842,Quite_Wake
8,4.1714,Quite_Wake
9,4.1797,Quite_Wake
10,4.1762,Quite_Wake
11,4.171,Quite_Wake
12,4.1841,Quite_Wake
13,4.1707,Quite_Wake
14,4.1731,Quite_Wake
15,4.176399999999999,Quite_Wake
16,4.174849999999999,Quite_Wake
17,4.187749999999999,Quite_Wake
18,4.1742,Quite_Wake
19,4.181,Quite_Wake
20,4.1745,Quite_Wake
21,4.1736,Quite_Wake
22,4.208550000000001,Quite_Wake
23,4.1838,Quite_Wake
24,4.153,Quite_Wake
25,4.1876,Quite_Wake
26,4.1738,Quite_Wake
27,4.17775,Quite_Wake
28,4.19,Quite_Wake
29,4.1886,Quite_Wake
30,4.180300000000001,Quite_Wake
31,4.1876,Quite_Wake
32,4.1758,Quite_Wake
33,4.2029499999999995,Quite_Wake
34,4.1831,Quite_Wake
35,4.202,Quite_Wake
36,4.17995,Quite_Wake
37,4.1789,Quite_Wake
38,4.178649999999999,Quite_Wake
39,4.1674,Quite_Wake
40,4.17875,Quite_Wake
41,4.17595,Quite_Wake
42,4.1746,Quite_Wake
43,4.1674,Quite_Wake
44,4.19355,Quite_Wake
45,4.1906,Quite_Wake
46,4.2016,Quite_Wake
47,4.22365,Quite_Wake
48,4.2084,Quite_Wake
49,4.187200000000001,Quite_Wake
50,4.186450000000001,Quite_Wake
51,4.2182,Quite_Wake
52,4.1837,Quite_Wake
53,4.17555,Quite_Wake
54,4.1904,Quite_Wake
55,4.18775,Quite_Wake
56,4.1838,Quite_Wake
57,4.1957,Quite_Wake
58,4.19835,Quite_Wake
59,4.196899999999999,Quite_Wake
60,4.1991,Quite_Wake
61,4.2273,Quite_Wake
