,intensity,state
1,289300.0,Active_wake
2,290665.0,Active_wake
3,286815.0,Active_wake
4,289055.0,Active_wake
5,283675.0,Active_wake
6,283910.0,Active_wake
7,284790.0,Active_wake
8,282065.0,Active_wake
9,279515.0,Active_wake
10,277700.0,Active_wake
11,283695.0,Active_wake
12,280680.0,Active_wake
13,279485.0,Active_wake
14,280060.0,Active_wake
15,277190.0,Active_wake
16,275390.0,Active_wake
17,284535.0,Active_wake
18,282330.0,Active_wake
19,271300.0,Active_wake
20,276230.0,Active_wake
21,281460.0,Active_wake
22,270450.0,Active_wake
23,258475.0,Active_wake
24,277880.0,Active_wake
25,282460.0,Active_wake
26,282230.0,Active_wake
27,284000.0,Active_wake
28,282420.0,Active_wake
29,279065.0,Active_wake
30,283370.0,Active_wake
31,280080.0,Active_wake
32,282220.0,Active_wake
33,274590.0,Active_wake
34,284040.0,Active_wake
35,282410.0,Active_wake
36,287980.0,Active_wake
37,281060.0,Active_wake
38,284940.0,Active_wake
39,279365.0,Active_wake
40,282690.0,Active_wake
41,271680.0,Active_wake
42,278550.0,Active_wake
43,270705.0,Active_wake
44,285525.0,Active_wake
45,281810.0,Active_wake
46,276320.0,Active_wake
47,266180.0,Active_wake
48,278680.0,Active_wake
49,274090.0,Active_wake
50,264540.0,Active_wake
51,277900.0,Active_wake
52,265780.0,Active_wake
53,274950.0,Active_wake
54,269810.0,Active_wake
55,270335.0,Active_wake
56,266900.0,Active_wake
57,279640.0,Active_wake
58,281920.0,Active_wake
59,286070.0,Active_wake
60,276080.0,Active_wake
61,278620.0,Active_wake
62,256985.0,Active_wake
63,251670.0,Active_wake
64,274240.0,Active_wake
65,278230.0,Active_wake
66,279720.0,Active_wake
67,279250.0,Active_wake
68,270260.0,Active_wake
69,263830.0,Active_wake
70,276280.0,Active_wake
71,285435.0,Active_wake
72,288930.0,Active_wake
1,242270.0,NREM
2,241000.0,NREM
3,242540.0,NREM
4,237625.0,NREM
5,239625.0,NREM
6,239030.0,NREM
7,236485.0,NREM
8,235580.0,NREM
9,236620.0,NREM
10,237440.0,NREM
11,236900.0,NREM
12,236570.0,NREM
13,236790.0,NREM
14,236450.0,NREM
15,236080.0,NREM
16,236880.0,NREM
17,237355.0,NREM
18,237830.0,NREM
19,238285.0,NREM
1,278670.0,REM
2,276400.0,REM
3,274270.0,REM
4,273700.0,REM
5,273580.0,REM
6,275470.0,REM
1,273675.0,Quite_Wake
2,257745.0,Quite_Wake
3,268140.0,Quite_Wake
4,264300.0,Quite_Wake
5,267520.0,Quite_Wake
6,256485.0,Quite_Wake
7,261930.0,Quite_Wake
8,255560.0,Quite_Wake
9,258860.0,Quite_Wake
10,256230.0,Quite_Wake
11,255100.0,Quite_Wake
12,260120.0,Quite_Wake
13,255230.0,Quite_Wake
14,253100.0,Quite_Wake
15,257385.0,Quite_Wake
16,256520.0,Quite_Wake
17,259145.0,Quite_Wake
18,254820.0,Quite_Wake
19,252770.0,Quite_Wake
20,256300.0,Quite_Wake
21,252820.0,Quite_Wake
22,268380.0,Quite_Wake
23,255165.0,Quite_Wake
24,241810.0,Quite_Wake
25,261130.0,Quite_Wake
26,252690.0,Quite_Wake
27,256375.0,Quite_Wake
28,262230.0,Quite_Wake
29,260300.0,Quite_Wake
30,255725.0,Quite_Wake
31,264880.0,Quite_Wake
32,254945.0,Quite_Wake
33,270320.0,Quite_Wake
34,259050.0,Quite_Wake
35,270685.0,Quite_Wake
36,254335.0,Quite_Wake
37,255200.0,Quite_Wake
38,254650.0,Quite_Wake
39,248240.0,Quite_Wake
40,254560.0,Quite_Wake
41,253990.0,Quite_Wake
42,253220.0,Quite_Wake
43,248420.0,Quite_Wake
44,258545.0,Quite_Wake
45,257110.0,Quite_Wake
46,257355.0,Quite_Wake
47,257080.0,Quite_Wake
48,261040.0,Quite_Wake
49,250425.0,Quite_Wake
50,254500.0,Quite_Wake
51,266650.0,Quite_Wake
52,254260.0,Quite_Wake
53,247005.0,Quite_Wake
54,253310.0,Quite_Wake
55,252805.0,Quite_Wake
56,254710.0,Quite_Wake
57,257860.0,Quite_Wake
58,258665.0,Quite_Wake
59,256490.0,Quite_Wake
60,255675.0,Quite_Wake
61,267895.0,Quite_Wake
