,intensity_002,states_002,intensity_003,states_003,intensity_004,states_004
0,280060.0,Active_wake,398035.0,Active_wake,515390.0,Active_wake
1,277190.0,Active_wake,409410.0,Active_wake,544315.0,Active_wake
2,275390.0,Active_wake,407580.0,Active_wake,549080.0,Active_wake
3,284535.0,Active_wake,388725.0,Active_wake,550090.0,Active_wake
4,282330.0,Active_wake,396280.0,Active_wake,522420.0,Active_wake
5,271300.0,Active_wake,405550.0,Active_wake,509040.0,Active_wake
6,276230.0,Active_wake,405510.0,Active_wake,525820.0,Active_wake
7,281460.0,Active_wake,406120.0,Active_wake,508745.0,Active_wake
8,270450.0,Active_wake,400660.0,Active_wake,541930.0,Active_wake
9,258475.0,Active_wake,382790.0,Active_wake,522710.0,Active_wake
10,277880.0,Active_wake,397705.0,Active_wake,522410.0,Active_wake
11,282460.0,Active_wake,392980.0,Active_wake,505560.0,Active_wake
12,282230.0,Active_wake,400240.0,Active_wake,527010.0,Active_wake
13,284000.0,Active_wake,405420.0,Active_wake,546980.0,Active_wake
14,282420.0,Active_wake,400360.0,Active_wake,535400.0,Active_wake
15,279065.0,Active_wake,409800.0,Active_wake,536280.0,Active_wake
16,283370.0,Active_wake,402420.0,Active_wake,528050.0,Active_wake
17,280080.0,Active_wake,407240.0,Active_wake,536960.0,Active_wake
18,282220.0,Active_wake,402820.0,Active_wake,543420.0,Active_wake
19,274590.0,Active_wake,406985.0,Active_wake,524450.0,Active_wake
20,284040.0,Active_wake,381975.0,Active_wake,518520.0,Active_wake
21,282410.0,Active_wake,408680.0,Active_wake,520355.0,Active_wake
22,287980.0,Active_wake,408690.0,Active_wake,519585.0,Active_wake
23,281060.0,Active_wake,405930.0,Active_wake,541240.0,Active_wake
24,284940.0,Active_wake,403540.0,Active_wake,533080.0,Active_wake
25,279365.0,Active_wake,413145.0,Active_wake,520050.0,Active_wake
26,282690.0,Active_wake,408395.0,Active_wake,506010.0,Active_wake
27,271680.0,Active_wake,410470.0,Active_wake,527805.0,Active_wake
28,278550.0,Active_wake,415190.0,Active_wake,516900.0,Active_wake
29,270705.0,Active_wake,412255.0,Active_wake,516750.0,Active_wake
30,285525.0,Active_wake,407235.0,Active_wake,523440.0,Active_wake
31,281810.0,Active_wake,405880.0,Active_wake,501020.0,Active_wake
32,276320.0,Active_wake,414535.0,Active_wake,505455.0,Active_wake
33,266180.0,Active_wake,409860.0,Active_wake,523340.0,Active_wake
34,278680.0,Active_wake,407450.0,Active_wake,481215.0,Active_wake
35,274090.0,Active_wake,409720.0,Active_wake,519770.0,Active_wake
36,264540.0,Active_wake,415510.0,Active_wake,535030.0,Active_wake
37,277900.0,Active_wake,388805.0,Active_wake,529890.0,Active_wake
38,265780.0,Active_wake,393330.0,Active_wake,529545.0,Active_wake
39,274950.0,Active_wake,392010.0,Active_wake,530560.0,Active_wake
40,269810.0,Active_wake,408185.0,Active_wake,517200.0,Active_wake
41,270335.0,Active_wake,401980.0,Active_wake,522450.0,Active_wake
42,266900.0,Active_wake,399620.0,Active_wake,527905.0,Active_wake
43,279640.0,Active_wake,390510.0,Active_wake,501080.0,Active_wake
44,281920.0,Active_wake,400370.0,Active_wake,516630.0,Active_wake
45,286070.0,Active_wake,363370.0,Active_wake,469100.0,NREM
46,276080.0,Active_wake,391300.0,Active_wake,464010.0,NREM
47,278620.0,Active_wake,352190.0,Active_wake,463255.0,NREM
48,256985.0,Active_wake,393560.0,Active_wake,464010.0,NREM
49,251670.0,Active_wake,389760.0,Active_wake,476410.0,NREM
50,274240.0,Active_wake,388010.0,Active_wake,454300.0,NREM
51,278230.0,Active_wake,365170.0,Active_wake,451580.0,NREM
52,279720.0,Active_wake,382940.0,Active_wake,454230.0,NREM
53,279250.0,Active_wake,374110.0,Active_wake,453825.0,NREM
54,270260.0,Active_wake,386420.0,Active_wake,454685.0,NREM
55,263830.0,Active_wake,387900.0,Active_wake,455280.0,NREM
56,276280.0,Active_wake,360570.0,Active_wake,454750.0,NREM
57,285435.0,Active_wake,387680.0,Active_wake,456560.0,NREM
58,288930.0,Active_wake,332280.0,Active_wake,459580.0,NREM
59,241000.0,NREM,382980.0,Active_wake,455610.0,NREM
60,242540.0,NREM,375175.0,Active_wake,454530.0,NREM
61,237625.0,NREM,386460.0,Active_wake,456360.0,NREM
62,239625.0,NREM,383670.0,Active_wake,456580.0,NREM
63,239030.0,NREM,378265.0,Active_wake,454840.0,NREM
64,236485.0,NREM,384470.0,Active_wake,458500.0,NREM
65,235580.0,NREM,375385.0,Active_wake,458620.0,NREM
66,236620.0,NREM,344780.0,Active_wake,461290.0,NREM
67,237440.0,NREM,1166.0,Active_wake,457870.0,NREM
68,236900.0,NREM,1174.5,Active_wake,523100.0,REM
69,236570.0,NREM,333470.0,NREM,511520.0,REM
70,236790.0,NREM,328200.0,NREM,528600.0,REM
71,236450.0,NREM,324375.0,NREM,524730.0,REM
72,236080.0,NREM,323400.0,NREM,523660.0,REM
73,236880.0,NREM,321710.0,NREM,543385.0,REM
74,237355.0,NREM,320650.0,NREM,527455.0,REM
75,237830.0,NREM,320140.0,NREM,517615.0,REM
76,238285.0,NREM,1161.5,NREM,474640.0,Quite_Wake
77,278670.0,REM,1158.0,NREM,498275.0,Quite_Wake
78,276400.0,REM,1160.5,NREM,507685.0,Quite_Wake
79,274270.0,REM,1155.5,NREM,490335.0,Quite_Wake
80,273700.0,REM,1165.0,NREM,501915.0,Quite_Wake
81,273580.0,REM,1163.0,NREM,481525.0,Quite_Wake
82,275470.0,REM,1165.5,NREM,480185.0,Quite_Wake
83,257385.0,Quite_Wake,1158.0,NREM,485160.0,Quite_Wake
84,256520.0,Quite_Wake,390980.0,REM,478600.0,Quite_Wake
85,259145.0,Quite_Wake,381045.0,REM,495080.0,Quite_Wake
86,254820.0,Quite_Wake,375120.0,REM,477545.0,Quite_Wake
87,252770.0,Quite_Wake,377425.0,REM,501810.0,Quite_Wake
88,256300.0,Quite_Wake,1157.0,REM,498930.0,Quite_Wake
89,252820.0,Quite_Wake,1165.5,REM,490360.0,Quite_Wake
90,268380.0,Quite_Wake,1139.5,REM,501680.0,Quite_Wake
91,255165.0,Quite_Wake,1159.0,REM,498840.0,Quite_Wake
92,241810.0,Quite_Wake,1158.0,REM,480600.0,Quite_Wake
93,261130.0,Quite_Wake,374800.0,Quite_Wake,501990.0,Quite_Wake
94,252690.0,Quite_Wake,379410.0,Quite_Wake,508205.0,Quite_Wake
95,256375.0,Quite_Wake,371930.0,Quite_Wake,493650.0,Quite_Wake
96,262230.0,Quite_Wake,375415.0,Quite_Wake,487930.0,Quite_Wake
97,260300.0,Quite_Wake,365480.0,Quite_Wake,470820.0,Quite_Wake
98,255725.0,Quite_Wake,371020.0,Quite_Wake,511280.0,Quite_Wake
99,264880.0,Quite_Wake,364965.0,Quite_Wake,511400.0,Quite_Wake
100,254945.0,Quite_Wake,367860.0,Quite_Wake,468895.0,Quite_Wake
101,270320.0,Quite_Wake,367985.0,Quite_Wake,489350.0,Quite_Wake
102,259050.0,Quite_Wake,362590.0,Quite_Wake,465700.0,Quite_Wake
103,270685.0,Quite_Wake,365800.0,Quite_Wake,459770.0,Quite_Wake
104,254335.0,Quite_Wake,365330.0,Quite_Wake,483605.0,Quite_Wake
105,255200.0,Quite_Wake,371295.0,Quite_Wake,467200.0,Quite_Wake
106,254650.0,Quite_Wake,361970.0,Quite_Wake,515580.0,Quite_Wake
107,248240.0,Quite_Wake,369540.0,Quite_Wake,475300.0,Quite_Wake
108,254560.0,Quite_Wake,367680.0,Quite_Wake,467300.0,Quite_Wake
109,253990.0,Quite_Wake,365460.0,Quite_Wake,455620.0,Quite_Wake
110,253220.0,Quite_Wake,359530.0,Quite_Wake,519450.0,Quite_Wake
111,248420.0,Quite_Wake,378530.0,Quite_Wake,494285.0,Quite_Wake
112,258545.0,Quite_Wake,372410.0,Quite_Wake,487910.0,Quite_Wake
113,257110.0,Quite_Wake,363100.0,Quite_Wake,487215.0,Quite_Wake
114,257355.0,Quite_Wake,364495.0,Quite_Wake,460080.0,Quite_Wake
115,257080.0,Quite_Wake,359315.0,Quite_Wake,496310.0,Quite_Wake
116,261040.0,Quite_Wake,365750.0,Quite_Wake,452740.0,Quite_Wake
117,250425.0,Quite_Wake,364280.0,Quite_Wake,458700.0,Quite_Wake
118,254500.0,Quite_Wake,372340.0,Quite_Wake,489930.0,Quite_Wake
119,266650.0,Quite_Wake,363680.0,Quite_Wake,484500.0,Quite_Wake
120,254260.0,Quite_Wake,375020.0,Quite_Wake,,
121,247005.0,Quite_Wake,368060.0,Quite_Wake,,
122,253310.0,Quite_Wake,374145.0,Quite_Wake,,
123,252805.0,Quite_Wake,382490.0,Quite_Wake,,
124,254710.0,Quite_Wake,363320.0,Quite_Wake,,
125,257860.0,Quite_Wake,361230.0,Quite_Wake,,
126,258665.0,Quite_Wake,366195.0,Quite_Wake,,
127,256490.0,Quite_Wake,380890.0,Quite_Wake,,
128,255675.0,Quite_Wake,368255.0,Quite_Wake,,
129,267895.0,Quite_Wake,360100.0,Quite_Wake,,
130,,,380660.0,Quite_Wake,,
131,,,365655.0,Quite_Wake,,
132,,,379370.0,Quite_Wake,,
133,,,361180.0,Quite_Wake,,
134,,,364500.0,Quite_Wake,,
135,,,375690.0,Quite_Wake,,
136,,,367270.0,Quite_Wake,,
137,,,362880.0,Quite_Wake,,
138,,,361575.0,Quite_Wake,,
139,,,345805.0,Quite_Wake,,
140,,,345450.0,Quite_Wake,,
141,,,353670.0,Quite_Wake,,
142,,,365030.0,Quite_Wake,,
143,,,362660.0,Quite_Wake,,
144,,,345730.0,Quite_Wake,,
145,,,346715.0,Quite_Wake,,
146,,,345415.0,Quite_Wake,,
147,,,349545.0,Quite_Wake,,
148,,,338420.0,Quite_Wake,,
149,,,343040.0,Quite_Wake,,
150,,,362440.0,Quite_Wake,,
151,,,353235.0,Quite_Wake,,
152,,,353590.0,Quite_Wake,,
153,,,355950.0,Quite_Wake,,
154,,,342860.0,Quite_Wake,,
155,,,348660.0,Quite_Wake,,
156,,,339910.0,Quite_Wake,,
157,,,1149.0,Quite_Wake,,
