,lft_emp_002,states_002,lft_emp_003,states_003,lft_emp_004,states_004
0,4.2155,Active_wake,4.243,Active_wake,4.2141,Active_wake
1,4.216,Active_wake,4.2496,Active_wake,4.23255,Active_wake
2,4.210100000000001,Active_wake,4.24655,Active_wake,4.2601,Active_wake
3,4.2281,Active_wake,4.2272,Active_wake,4.2423,Active_wake
4,4.22455,Active_wake,4.232,Active_wake,4.20765,Active_wake
5,4.2076,Active_wake,4.2435,Active_wake,4.1905,Active_wake
6,4.2192,Active_wake,4.237,Active_wake,4.208,Active_wake
7,4.2239,Active_wake,4.24,Active_wake,4.19365,Active_wake
8,4.2052,Active_wake,4.23345,Active_wake,4.221,Active_wake
9,4.1845,Active_wake,4.2111,Active_wake,4.2021,Active_wake
10,4.2168,Active_wake,4.2254000000000005,Active_wake,4.20425,Active_wake
11,4.2301,Active_wake,4.215949999999999,Active_wake,4.1925,Active_wake
12,4.2281,Active_wake,4.2237,Active_wake,4.2096,Active_wake
13,4.23135,Active_wake,4.2315,Active_wake,4.2327,Active_wake
14,4.2262,Active_wake,4.2232,Active_wake,4.2225,Active_wake
15,4.22195,Active_wake,4.23965,Active_wake,4.2213,Active_wake
16,4.2306,Active_wake,4.2347,Active_wake,4.2173,Active_wake
17,4.22245,Active_wake,4.2423,Active_wake,4.2279,Active_wake
18,4.2299500000000005,Active_wake,4.2351,Active_wake,4.2349,Active_wake
19,4.215,Active_wake,4.2384,Active_wake,4.2169,Active_wake
20,4.2312,Active_wake,4.20735,Active_wake,4.2152,Active_wake
21,4.2262,Active_wake,4.2405,Active_wake,4.22555,Active_wake
22,4.2339,Active_wake,4.2405,Active_wake,4.219200000000001,Active_wake
23,4.2268,Active_wake,4.2392,Active_wake,4.28755,Active_wake
24,4.2325,Active_wake,4.23405,Active_wake,4.2492,Active_wake
25,4.2243,Active_wake,4.241149999999999,Active_wake,4.224,Active_wake
26,4.2292,Active_wake,4.239,Active_wake,4.2079,Active_wake
27,4.2095,Active_wake,4.2394,Active_wake,4.2326,Active_wake
28,4.2236,Active_wake,4.2459,Active_wake,4.2187,Active_wake
29,4.21045,Active_wake,4.24375,Active_wake,4.2165,Active_wake
30,4.234500000000001,Active_wake,4.2334,Active_wake,4.2284,Active_wake
31,4.2308,Active_wake,4.2332,Active_wake,4.2022,Active_wake
32,4.2227,Active_wake,4.2468,Active_wake,4.20505,Active_wake
33,4.2064,Active_wake,4.2382,Active_wake,4.2304,Active_wake
34,4.2273,Active_wake,4.2345,Active_wake,4.2142,Active_wake
35,4.219,Active_wake,4.2374,Active_wake,4.2453,Active_wake
36,4.2124,Active_wake,4.2462,Active_wake,4.2509,Active_wake
37,4.2473,Active_wake,4.21225,Active_wake,4.2359,Active_wake
38,4.2194,Active_wake,4.2195,Active_wake,4.235049999999999,Active_wake
39,4.2527,Active_wake,4.22335,Active_wake,4.2308,Active_wake
40,4.2566,Active_wake,4.2443,Active_wake,4.2251,Active_wake
41,4.2392,Active_wake,4.2481,Active_wake,4.2253,Active_wake
42,4.2176,Active_wake,4.24315,Active_wake,4.243399999999999,Active_wake
43,4.2365,Active_wake,4.2322,Active_wake,4.2127,Active_wake
44,4.2373,Active_wake,4.2454,Active_wake,4.2329,Active_wake
45,4.2416,Active_wake,4.202999999999999,Active_wake,4.162,NREM
46,4.2271,Active_wake,4.2373,Active_wake,4.17085,NREM
47,4.2326,Active_wake,4.1991,Active_wake,4.15925,NREM
48,4.19455,Active_wake,4.2417,Active_wake,4.1613500000000005,NREM
49,4.187,Active_wake,4.2362,Active_wake,4.1794,NREM
50,4.2295,Active_wake,4.2357,Active_wake,4.1571,NREM
51,4.2322,Active_wake,4.2045,Active_wake,4.16185,NREM
52,4.236,Active_wake,4.2408,Active_wake,4.1771,NREM
53,4.2356,Active_wake,4.2235,Active_wake,4.19325,NREM
54,4.2134,Active_wake,4.2337,Active_wake,4.2038,NREM
55,4.218,Active_wake,4.2385,Active_wake,4.149,NREM
56,4.2335,Active_wake,4.2157,Active_wake,4.1682,NREM
57,4.26125,Active_wake,4.2478,Active_wake,4.1869,NREM
58,4.317,Active_wake,4.198,Active_wake,4.1702,NREM
59,4.1525,NREM,4.2511,Active_wake,4.1776,NREM
60,4.1527,NREM,4.233549999999999,Active_wake,4.1883,NREM
61,4.15355,NREM,4.2416,Active_wake,4.1742,NREM
62,4.1653,NREM,4.2393,Active_wake,4.1886,NREM
63,4.1725,NREM,4.2328,Active_wake,4.1947,NREM
64,4.1756,NREM,4.2403,Active_wake,4.20335,NREM
65,4.1752,NREM,4.225,Active_wake,4.2051,NREM
66,4.17295,NREM,4.241149999999999,Active_wake,4.175,NREM
67,4.1802,NREM,8.334900000000001,Active_wake,4.1779,NREM
68,4.1799,NREM,8.29275,Active_wake,4.2377,REM
69,4.1831,NREM,4.1601,NREM,4.2414000000000005,REM
70,4.1823,NREM,4.1597,NREM,4.26595,REM
71,4.18845,NREM,4.1614,NREM,4.2812,REM
72,4.1898,NREM,4.168,NREM,4.2535,REM
73,4.1933,NREM,4.1736,NREM,4.27125,REM
74,4.1602,NREM,4.1798,NREM,4.2755,REM
75,4.1653,NREM,4.176,NREM,4.2722,REM
76,4.1899,NREM,8.3369,NREM,4.1605,Quite_Wake
77,4.26,REM,8.3279,NREM,4.19,Quite_Wake
78,4.2557,REM,8.3033,NREM,4.219799999999999,Quite_Wake
79,4.2634,REM,8.266950000000001,NREM,4.1769,Quite_Wake
80,4.25935,REM,8.309750000000001,NREM,4.1853,Quite_Wake
81,4.2626,REM,8.3218,NREM,4.161,Quite_Wake
82,4.2742,REM,8.298100000000002,NREM,4.1631,Quite_Wake
83,4.176399999999999,Quite_Wake,8.3061,NREM,4.1671,Quite_Wake
84,4.174849999999999,Quite_Wake,4.2558,REM,4.1602,Quite_Wake
85,4.187749999999999,Quite_Wake,4.25615,REM,4.17315,Quite_Wake
86,4.1742,Quite_Wake,4.2646,REM,4.1556,Quite_Wake
87,4.181,Quite_Wake,4.27685,REM,4.1822,Quite_Wake
88,4.1745,Quite_Wake,8.249,REM,4.1795,Quite_Wake
89,4.1736,Quite_Wake,8.33765,REM,4.1781,Quite_Wake
90,4.208550000000001,Quite_Wake,8.2651,REM,4.1847,Quite_Wake
91,4.1838,Quite_Wake,8.34,REM,4.1875,Quite_Wake
92,4.153,Quite_Wake,8.2833,REM,4.1717,Quite_Wake
93,4.1876,Quite_Wake,4.2052,Quite_Wake,4.1895,Quite_Wake
94,4.1738,Quite_Wake,4.2104,Quite_Wake,4.1957,Quite_Wake
95,4.17775,Quite_Wake,4.2047,Quite_Wake,4.1975,Quite_Wake
96,4.19,Quite_Wake,4.20835,Quite_Wake,4.1849,Quite_Wake
97,4.1886,Quite_Wake,4.1886,Quite_Wake,4.2176,Quite_Wake
98,4.180300000000001,Quite_Wake,4.19575,Quite_Wake,4.2542,Quite_Wake
99,4.1876,Quite_Wake,4.18415,Quite_Wake,4.21485,Quite_Wake
100,4.1758,Quite_Wake,4.1924,Quite_Wake,4.17705,Quite_Wake
101,4.20295,Quite_Wake,4.18705,Quite_Wake,4.1941,Quite_Wake
102,4.1831,Quite_Wake,4.1814,Quite_Wake,4.1639,Quite_Wake
103,4.202,Quite_Wake,4.1805,Quite_Wake,4.1561,Quite_Wake
104,4.17995,Quite_Wake,4.1857,Quite_Wake,4.18645,Quite_Wake
105,4.1789,Quite_Wake,4.1889,Quite_Wake,4.1664,Quite_Wake
106,4.178649999999999,Quite_Wake,4.17345,Quite_Wake,4.2491,Quite_Wake
107,4.1674,Quite_Wake,4.1847,Quite_Wake,4.1738,Quite_Wake
108,4.17875,Quite_Wake,4.1819,Quite_Wake,4.1663,Quite_Wake
109,4.17595,Quite_Wake,4.1869,Quite_Wake,4.15565,Quite_Wake
110,4.1746,Quite_Wake,4.1799,Quite_Wake,4.2669,Quite_Wake
111,4.1674,Quite_Wake,4.2029,Quite_Wake,4.20035,Quite_Wake
112,4.19355,Quite_Wake,4.1948,Quite_Wake,4.2004,Quite_Wake
113,4.1906,Quite_Wake,4.1831,Quite_Wake,4.1902,Quite_Wake
114,4.2016,Quite_Wake,4.1876,Quite_Wake,4.1627,Quite_Wake
115,4.22365,Quite_Wake,4.17595,Quite_Wake,4.21635,Quite_Wake
116,4.2084,Quite_Wake,4.1881,Quite_Wake,4.15975,Quite_Wake
117,4.187200000000001,Quite_Wake,4.1835,Quite_Wake,4.1689,Quite_Wake
118,4.186450000000001,Quite_Wake,4.193,Quite_Wake,4.206,Quite_Wake
119,4.2182,Quite_Wake,4.1804,Quite_Wake,4.1979,Quite_Wake
120,4.1837,Quite_Wake,4.1962,Quite_Wake,,
121,4.17555,Quite_Wake,4.18535,Quite_Wake,,
122,4.1904,Quite_Wake,4.1963,Quite_Wake,,
123,4.18775,Quite_Wake,4.2087,Quite_Wake,,
124,4.1838,Quite_Wake,4.1756,Quite_Wake,,
125,4.1957,Quite_Wake,4.176500000000001,Quite_Wake,,
126,4.19835,Quite_Wake,4.183999999999999,Quite_Wake,,
127,4.196899999999999,Quite_Wake,4.20035,Quite_Wake,,
128,4.1991,Quite_Wake,4.187849999999999,Quite_Wake,,
129,4.2273,Quite_Wake,4.175800000000001,Quite_Wake,,
130,,,4.2,Quite_Wake,,
131,,,4.183350000000001,Quite_Wake,,
132,,,4.2019,Quite_Wake,,
133,,,4.1771,Quite_Wake,,
134,,,4.1851,Quite_Wake,,
135,,,4.20125,Quite_Wake,,
136,,,4.209,Quite_Wake,,
137,,,4.1934,Quite_Wake,,
138,,,4.201549999999999,Quite_Wake,,
139,,,4.1772,Quite_Wake,,
140,,,4.1778,Quite_Wake,,
141,,,4.18835,Quite_Wake,,
142,,,4.2118,Quite_Wake,,
143,,,4.2096,Quite_Wake,,
144,,,4.1785,Quite_Wake,,
145,,,4.1791,Quite_Wake,,
146,,,4.1785,Quite_Wake,,
147,,,4.19815,Quite_Wake,,
148,,,4.1729,Quite_Wake,,
149,,,4.1803,Quite_Wake,,
150,,,4.2258,Quite_Wake,,
151,,,4.20185,Quite_Wake,,
152,,,4.2035,Quite_Wake,,
153,,,4.19975,Quite_Wake,,
154,,,4.1835,Quite_Wake,,
155,,,4.1904,Quite_Wake,,
156,,,4.177,Quite_Wake,,
157,,,8.3283,Quite_Wake,,
