,lft_emp_004,states_004,lft_emp_003,states_003,lft_emp_002,states_002
0,4.1616,Active_wake,4.1651,Active_wake,4.17595,Active_wake
1,4.1981,Active_wake,4.177149999999999,Active_wake,4.1745,Active_wake
2,4.179,Active_wake,4.1625,Active_wake,4.1751000000000005,Active_wake
3,4.1720500000000005,Active_wake,4.1684,Active_wake,4.1783,Active_wake
4,4.1637,Active_wake,4.1656,Active_wake,4.1796,Active_wake
5,4.1837,Active_wake,4.1894,Active_wake,4.18155,Active_wake
6,4.1677,Active_wake,4.17225,Active_wake,4.16925,Active_wake
7,4.15785,Active_wake,4.1799,Active_wake,4.177,Active_wake
8,4.165,Active_wake,4.18,Active_wake,4.1845,Active_wake
9,4.1853,Active_wake,4.1956,Active_wake,4.179,Active_wake
10,4.1716,Active_wake,4.20265,Active_wake,4.1809,Active_wake
11,4.1823,Active_wake,4.1632,Active_wake,4.1873,Active_wake
12,4.17425,Active_wake,4.1811,Active_wake,4.187,Active_wake
13,4.1764,Active_wake,4.1844,Active_wake,4.1779,Active_wake
14,4.17875,Active_wake,4.1728,Active_wake,4.19025,Active_wake
15,4.1744,Active_wake,4.18165,Active_wake,4.18885,Active_wake
16,4.1753,Active_wake,4.1863,Active_wake,4.1471,Active_wake
17,4.16865,Active_wake,4.1715,Active_wake,4.19395,Active_wake
18,4.1869,Active_wake,4.1744,Active_wake,4.22645,Active_wake
19,4.1937,Active_wake,4.178,Active_wake,4.1828,Active_wake
20,4.1971,Active_wake,4.1804,Active_wake,4.1601,Active_wake
21,4.1864,Active_wake,4.1993,Active_wake,4.16835,Active_wake
22,4.21135,Active_wake,4.1592,Active_wake,4.19285,Active_wake
23,4.2044,Active_wake,4.21645,Active_wake,4.1439,Active_wake
24,4.1880500000000005,Active_wake,4.2059,Active_wake,4.1899,Active_wake
25,4.18745,Active_wake,4.2449,Active_wake,4.18475,Active_wake
26,4.1732,Active_wake,4.225350000000001,Active_wake,4.1845,Active_wake
27,4.1824,Active_wake,4.23515,Active_wake,4.1897,Active_wake
28,4.1763,Active_wake,4.21025,Active_wake,4.1805,Active_wake
29,4.1779,Active_wake,4.2007,Active_wake,4.1863,Active_wake
30,4.1809,Active_wake,4.1701,Active_wake,4.1337,NREM
31,4.1884,Active_wake,4.15995,Active_wake,4.137,NREM
32,4.2171,Active_wake,4.19535,Active_wake,4.1409,NREM
33,4.207,Active_wake,4.1726,Active_wake,4.14445,NREM
34,4.200950000000001,Active_wake,4.252750000000001,Active_wake,4.1279,NREM
35,4.20325,Active_wake,4.1974,Active_wake,4.1387,NREM
36,4.2115,Active_wake,4.2156,Active_wake,4.1363,NREM
37,4.1982,Active_wake,4.1874,Active_wake,4.1397,NREM
38,4.1924,Active_wake,4.231,Active_wake,4.13415,NREM
39,4.1892,Active_wake,4.2182,Active_wake,4.135,NREM
40,4.189299999999999,Active_wake,4.2004,Active_wake,4.1372,NREM
41,4.23505,Active_wake,4.1242,NREM,4.118449999999999,NREM
42,4.13325,NREM,4.1218,NREM,4.214,REM
43,4.1181,NREM,4.1212,NREM,4.2235,REM
44,4.1275,NREM,4.1289,NREM,4.2223,REM
45,4.1298,NREM,4.1289,NREM,4.2169,REM
46,4.12405,NREM,4.13885,NREM,4.222799999999999,REM
47,4.1303,NREM,4.13955,NREM,4.1174,Quite_Wake
48,4.1388,NREM,4.15445,NREM,4.1276,Quite_Wake
49,4.1309,NREM,4.1599,NREM,4.1204,Quite_Wake
50,4.1352,NREM,4.17615,NREM,4.1137,Quite_Wake
51,4.1366,NREM,4.18515,NREM,4.1077,Quite_Wake
52,4.15005,NREM,4.1309,NREM,4.1167,Quite_Wake
53,4.15255,NREM,4.1556,NREM,4.10455,Quite_Wake
54,4.1612,NREM,4.1677,NREM,4.1438,Quite_Wake
55,4.1638,NREM,4.1821,NREM,4.127,Quite_Wake
56,4.1612,NREM,4.1833,NREM,4.11515,Quite_Wake
57,4.13645,NREM,4.1858,NREM,4.1347000000000005,Quite_Wake
58,4.1548,NREM,4.1928,NREM,4.13555,Quite_Wake
59,4.1622,NREM,4.16755,NREM,4.1418,Quite_Wake
60,4.1461,NREM,4.1726,NREM,4.1305,Quite_Wake
61,4.1523,NREM,4.1842,NREM,4.1492,Quite_Wake
62,4.1556,NREM,4.18565,NREM,4.175,Quite_Wake
63,4.13605,NREM,4.1903,NREM,4.1355,Quite_Wake
64,4.1428,NREM,4.18895,NREM,4.1149,Quite_Wake
65,4.1596,NREM,4.1907,NREM,4.1214,Quite_Wake
66,4.175,NREM,4.1884,NREM,4.19015,Quite_Wake
67,4.1777,NREM,4.1895,NREM,4.19305,Quite_Wake
68,4.2168,REM,4.1639,NREM,,
69,4.23615,REM,4.1826,NREM,,
70,4.2268,REM,4.1991,NREM,,
71,4.2342,REM,4.1545,NREM,,
72,4.21915,REM,4.2168,REM,,
73,4.24475,REM,4.2351,REM,,
74,4.141,Quite_Wake,4.23765,REM,,
75,4.1679,Quite_Wake,4.2285,REM,,
76,4.164,Quite_Wake,4.24655,REM,,
77,4.1484,Quite_Wake,4.24635,REM,,
78,4.1529,Quite_Wake,4.2542,REM,,
79,4.1371,Quite_Wake,4.2221,REM,,
80,4.13685,Quite_Wake,4.2554,REM,,
81,4.12865,Quite_Wake,4.23165,REM,,
82,4.13335,Quite_Wake,4.25,REM,,
83,4.13185,Quite_Wake,4.1363,Quite_Wake,,
84,4.1404,Quite_Wake,4.13695,Quite_Wake,,
85,4.14595,Quite_Wake,4.138,Quite_Wake,,
86,4.1393,Quite_Wake,4.1364,Quite_Wake,,
87,4.1619,Quite_Wake,4.138400000000001,Quite_Wake,,
88,4.1357,Quite_Wake,4.1486,Quite_Wake,,
89,4.1309,Quite_Wake,4.1301,Quite_Wake,,
90,4.148,Quite_Wake,4.13565,Quite_Wake,,
91,4.1519,Quite_Wake,4.141299999999999,Quite_Wake,,
92,4.13655,Quite_Wake,4.13075,Quite_Wake,,
93,4.14295,Quite_Wake,4.1326,Quite_Wake,,
94,4.14425,Quite_Wake,4.1546,Quite_Wake,,
95,4.1411,Quite_Wake,4.1462,Quite_Wake,,
96,4.1573,Quite_Wake,4.16525,Quite_Wake,,
97,4.1546,Quite_Wake,4.21965,Quite_Wake,,
98,4.1616,Quite_Wake,4.13895,Quite_Wake,,
99,4.164,Quite_Wake,4.1369,Quite_Wake,,
100,4.1735,Quite_Wake,4.1303,Quite_Wake,,
101,4.2127,Quite_Wake,4.1491,Quite_Wake,,
102,4.1611,Quite_Wake,4.13625,Quite_Wake,,
103,4.15165,Quite_Wake,4.1716,Quite_Wake,,
104,4.1551,Quite_Wake,4.1798,Quite_Wake,,
105,4.149,Quite_Wake,4.2103,Quite_Wake,,
106,4.146850000000001,Quite_Wake,4.2282,Quite_Wake,,
107,4.1432,Quite_Wake,4.2561,Quite_Wake,,
108,4.1503,Quite_Wake,4.20055,Quite_Wake,,
109,4.1566,Quite_Wake,4.1566,Quite_Wake,,
110,4.14035,Quite_Wake,4.1345,Quite_Wake,,
111,4.1668,Quite_Wake,4.1364,Quite_Wake,,
112,4.167,Quite_Wake,4.1494,Quite_Wake,,
113,4.16575,Quite_Wake,4.2401,Quite_Wake,,
114,4.167,Quite_Wake,4.18225,Quite_Wake,,
115,4.20095,Quite_Wake,4.1899,Quite_Wake,,
116,,,4.17535,Quite_Wake,,
117,,,4.19605,Quite_Wake,,
118,,,4.1755,Quite_Wake,,
