,intensity_004,states_004,intensity_003,states_003,intensity_002,states_002
0,206920.0,Active_wake,293220.0,Active_wake,194035.0,Active_wake
1,216115.0,Active_wake,298880.0,Active_wake,192960.0,Active_wake
2,211865.0,Active_wake,293170.0,Active_wake,194740.0,Active_wake
3,212545.0,Active_wake,295120.0,Active_wake,194480.0,Active_wake
4,208380.0,Active_wake,294490.0,Active_wake,194480.0,Active_wake
5,215280.0,Active_wake,310660.0,Active_wake,194395.0,Active_wake
6,212430.0,Active_wake,295485.0,Active_wake,191880.0,Active_wake
7,209065.0,Active_wake,299190.0,Active_wake,194220.0,Active_wake
8,209500.0,Active_wake,299100.0,Active_wake,195770.0,Active_wake
9,216580.0,Active_wake,303840.0,Active_wake,194240.0,Active_wake
10,212255.0,Active_wake,309735.0,Active_wake,193010.0,Active_wake
11,215145.0,Active_wake,289790.0,Active_wake,194200.0,Active_wake
12,213740.0,Active_wake,295280.0,Active_wake,193130.0,Active_wake
13,212830.0,Active_wake,296135.0,Active_wake,190900.0,Active_wake
14,214290.0,Active_wake,294160.0,Active_wake,194065.0,Active_wake
15,210810.0,Active_wake,277885.0,Active_wake,186430.0,Active_wake
16,211570.0,Active_wake,295010.0,Active_wake,165110.0,Active_wake
17,210505.0,Active_wake,294905.0,Active_wake,183650.0,Active_wake
18,215290.0,Active_wake,297100.0,Active_wake,199750.0,Active_wake
19,214100.0,Active_wake,298425.0,Active_wake,179930.0,Active_wake
20,213700.0,Active_wake,298250.0,Active_wake,166850.0,Active_wake
21,212510.0,Active_wake,314930.0,Active_wake,175100.0,Active_wake
22,203975.0,Active_wake,282680.0,Active_wake,187905.0,Active_wake
23,215270.0,Active_wake,309085.0,Active_wake,178540.0,Active_wake
24,212860.0,Active_wake,299400.0,Active_wake,188600.0,Active_wake
25,214175.0,Active_wake,303865.0,Active_wake,189630.0,Active_wake
26,211175.0,Active_wake,291390.0,Active_wake,189130.0,Active_wake
27,213890.0,Active_wake,304675.0,Active_wake,191330.0,Active_wake
28,211900.0,Active_wake,289110.0,Active_wake,189650.0,Active_wake
29,212880.0,Active_wake,295800.0,Active_wake,192995.0,Active_wake
30,211200.0,Active_wake,290200.0,Active_wake,166170.0,NREM
31,214050.0,Active_wake,289805.0,Active_wake,164970.0,NREM
32,223040.0,Active_wake,302480.0,Active_wake,164590.0,NREM
33,216860.0,Active_wake,288680.0,Active_wake,164420.0,NREM
34,215730.0,Active_wake,313135.0,Active_wake,164860.0,NREM
35,213420.0,Active_wake,283430.0,Active_wake,166030.0,NREM
36,213500.0,Active_wake,298200.0,Active_wake,165300.0,NREM
37,214290.0,Active_wake,285020.0,Active_wake,164500.0,NREM
38,215720.0,Active_wake,307805.0,Active_wake,165335.0,NREM
39,214530.0,Active_wake,305450.0,Active_wake,171140.0,NREM
40,214645.0,Active_wake,299680.0,Active_wake,172350.0,NREM
41,216990.0,Active_wake,269170.0,NREM,167765.0,NREM
42,192265.0,NREM,269600.0,NREM,187240.0,REM
43,190920.0,NREM,266450.0,NREM,188100.0,REM
44,195760.0,NREM,268935.0,NREM,189980.0,REM
45,199115.0,NREM,268790.0,NREM,190665.0,REM
46,195675.0,NREM,273630.0,NREM,188300.0,REM
47,195780.0,NREM,266850.0,NREM,177560.0,Quite_Wake
48,199180.0,NREM,266150.0,NREM,176310.0,Quite_Wake
49,193490.0,NREM,266570.0,NREM,178970.0,Quite_Wake
50,194100.0,NREM,269180.0,NREM,175840.0,Quite_Wake
51,191800.0,NREM,271050.0,NREM,175300.0,Quite_Wake
52,192185.0,NREM,267260.0,NREM,175775.0,Quite_Wake
53,189825.0,NREM,270500.0,NREM,172475.0,Quite_Wake
54,192380.0,NREM,268905.0,NREM,184950.0,Quite_Wake
55,191790.0,NREM,270310.0,NREM,177280.0,Quite_Wake
56,190250.0,NREM,270880.0,NREM,174545.0,Quite_Wake
57,193895.0,NREM,269820.0,NREM,178665.0,Quite_Wake
58,198635.0,NREM,278080.0,NREM,178595.0,Quite_Wake
59,195780.0,NREM,269170.0,NREM,178395.0,Quite_Wake
60,196000.0,NREM,268070.0,NREM,177350.0,Quite_Wake
61,195060.0,NREM,267250.0,NREM,183495.0,Quite_Wake
62,195810.0,NREM,270160.0,NREM,180170.0,Quite_Wake
63,193100.0,NREM,269630.0,NREM,175320.0,Quite_Wake
64,191840.0,NREM,270605.0,NREM,172440.0,Quite_Wake
65,192950.0,NREM,271590.0,NREM,168900.0,Quite_Wake
66,194560.0,NREM,268685.0,NREM,190505.0,Quite_Wake
67,196150.0,NREM,273100.0,NREM,191755.0,Quite_Wake
68,213790.0,REM,272630.0,NREM,,
69,215570.0,REM,271910.0,NREM,,
70,213620.0,REM,274475.0,NREM,,
71,216415.0,REM,270430.0,NREM,,
72,217000.0,REM,291640.0,REM,,
73,215915.0,REM,296640.0,REM,,
74,199860.0,Quite_Wake,291705.0,REM,,
75,203880.0,Quite_Wake,294530.0,REM,,
76,204870.0,Quite_Wake,296200.0,REM,,
77,202120.0,Quite_Wake,292975.0,REM,,
78,206740.0,Quite_Wake,293100.0,REM,,
79,199435.0,Quite_Wake,286060.0,REM,,
80,200080.0,Quite_Wake,298690.0,REM,,
81,196150.0,Quite_Wake,292735.0,REM,,
82,199025.0,Quite_Wake,288900.0,REM,,
83,199395.0,Quite_Wake,276620.0,Quite_Wake,,
84,201570.0,Quite_Wake,279615.0,Quite_Wake,,
85,202870.0,Quite_Wake,279610.0,Quite_Wake,,
86,200060.0,Quite_Wake,281550.0,Quite_Wake,,
87,208840.0,Quite_Wake,282395.0,Quite_Wake,,
88,199385.0,Quite_Wake,282400.0,Quite_Wake,,
89,197570.0,Quite_Wake,278280.0,Quite_Wake,,
90,203660.0,Quite_Wake,279255.0,Quite_Wake,,
91,201560.0,Quite_Wake,280880.0,Quite_Wake,,
92,199185.0,Quite_Wake,276475.0,Quite_Wake,,
93,198445.0,Quite_Wake,276385.0,Quite_Wake,,
94,201130.0,Quite_Wake,279070.0,Quite_Wake,,
95,199850.0,Quite_Wake,279660.0,Quite_Wake,,
96,204520.0,Quite_Wake,287750.0,Quite_Wake,,
97,200025.0,Quite_Wake,294225.0,Quite_Wake,,
98,204250.0,Quite_Wake,279020.0,Quite_Wake,,
99,204555.0,Quite_Wake,280280.0,Quite_Wake,,
100,197910.0,Quite_Wake,274980.0,Quite_Wake,,
101,213260.0,Quite_Wake,285310.0,Quite_Wake,,
102,202340.0,Quite_Wake,275625.0,Quite_Wake,,
103,200660.0,Quite_Wake,296930.0,Quite_Wake,,
104,203720.0,Quite_Wake,286210.0,Quite_Wake,,
105,203350.0,Quite_Wake,284515.0,Quite_Wake,,
106,203420.0,Quite_Wake,290650.0,Quite_Wake,,
107,200590.0,Quite_Wake,309210.0,Quite_Wake,,
108,200240.0,Quite_Wake,285475.0,Quite_Wake,,
109,203100.0,Quite_Wake,278570.0,Quite_Wake,,
110,195570.0,Quite_Wake,276930.0,Quite_Wake,,
111,203385.0,Quite_Wake,275165.0,Quite_Wake,,
112,205845.0,Quite_Wake,276720.0,Quite_Wake,,
113,206275.0,Quite_Wake,297960.0,Quite_Wake,,
114,206870.0,Quite_Wake,278840.0,Quite_Wake,,
115,200835.0,Quite_Wake,281890.0,Quite_Wake,,
116,,,279375.0,Quite_Wake,,
117,,,290815.0,Quite_Wake,,
118,,,284340.0,Quite_Wake,,
