,lft_emp_003,states_003,lft_emp_005,states_005
0,4.224,Active_wake,4.1759,Active_wake
1,4.23955,Active_wake,4.1928,Active_wake
2,4.1977,Active_wake,4.1793,Active_wake
3,4.19515,Active_wake,4.1885,Active_wake
4,4.2136,Active_wake,4.1674500000000005,Active_wake
5,4.2349,Active_wake,4.1721,Active_wake
6,4.19895,Active_wake,4.1789,Active_wake
7,4.2153,Active_wake,4.1678,Active_wake
8,4.1776,Active_wake,4.1433,Active_wake
9,4.17215,Active_wake,4.20745,Active_wake
10,4.2065,Active_wake,4.1855,Active_wake
11,4.21365,Active_wake,4.187,Active_wake
12,4.2015,Active_wake,4.1734,Active_wake
13,4.19655,Active_wake,4.16865,Active_wake
14,4.1985,Active_wake,4.1605,Active_wake
15,4.2002,Active_wake,4.1457,Active_wake
16,4.1708,Active_wake,4.1685,Active_wake
17,4.2326,Active_wake,4.1654,Active_wake
18,4.222899999999999,Active_wake,4.1683,Active_wake
19,4.2061,Active_wake,4.13855,Active_wake
20,4.1962,Active_wake,4.1491,Active_wake
21,4.18305,Active_wake,4.151,Active_wake
22,4.1483,Active_wake,4.1712,Active_wake
23,4.19085,Active_wake,4.1705,Active_wake
24,4.205,Active_wake,4.158799999999999,Active_wake
25,4.19735,Active_wake,4.1893,Active_wake
26,4.2177,Active_wake,4.1896,Active_wake
27,4.2228,Active_wake,4.20145,Active_wake
28,4.2413,Active_wake,4.19695,Active_wake
29,4.215,Active_wake,4.20975,Active_wake
30,4.2528,Active_wake,4.23855,Active_wake
31,4.2602,Active_wake,4.2384,Active_wake
32,4.2313,Active_wake,4.208,Active_wake
33,4.2569,Active_wake,4.2161,Active_wake
34,4.2509,Active_wake,4.1809,Active_wake
35,4.2337,Active_wake,4.2016,Active_wake
36,4.2502,Active_wake,4.2013,Active_wake
37,4.2305,Active_wake,4.18745,Active_wake
38,4.223,Active_wake,4.15185,Active_wake
39,4.2051,Active_wake,4.1277,NREM
40,4.2163,Active_wake,4.1437,NREM
41,4.2092,Active_wake,4.1375,NREM
42,4.2554,Active_wake,4.11955,NREM
43,4.159,NREM,4.1304,NREM
44,4.1608,NREM,4.11845,NREM
45,4.1928,NREM,4.12315,NREM
46,4.1572,NREM,4.1456,NREM
47,4.1585,NREM,4.1426,NREM
48,4.1658,NREM,4.1102,NREM
49,4.16955,NREM,4.131550000000001,NREM
50,4.15365,NREM,4.116899999999999,NREM
51,4.15315,NREM,4.1165,NREM
52,4.1427,NREM,4.1611,NREM
53,4.1475,NREM,4.1706,NREM
54,4.1477,NREM,4.1608,NREM
55,4.15005,NREM,4.1699,NREM
56,4.1544,NREM,4.17625,NREM
57,4.1458,NREM,4.1802,NREM
58,4.1488,NREM,4.17685,NREM
59,4.1521,NREM,4.1281,NREM
60,4.1663,NREM,4.1354,NREM
61,4.15235,NREM,4.146,NREM
62,4.1542,NREM,4.1616,NREM
63,4.1544,NREM,4.1497,NREM
64,4.1591,NREM,4.1658,NREM
65,4.155,NREM,4.21965,REM
66,4.1621,NREM,4.1942,REM
67,4.143,NREM,4.2382,REM
68,4.1645,NREM,4.2458,REM
69,4.1856,NREM,4.2219,REM
70,4.19,NREM,4.1668,Quite_Wake
71,4.184,NREM,4.16775,Quite_Wake
72,4.1856,NREM,4.1467,Quite_Wake
73,4.1801,NREM,4.1539,Quite_Wake
74,4.1837,NREM,4.1467,Quite_Wake
75,4.1823,NREM,4.1655,Quite_Wake
76,4.189,NREM,4.152150000000001,Quite_Wake
77,4.1862,NREM,4.1716,Quite_Wake
78,4.1823,NREM,4.1584,Quite_Wake
79,4.1837,NREM,4.1363,Quite_Wake
80,4.18,NREM,4.1413,Quite_Wake
81,4.1816,NREM,4.12485,Quite_Wake
82,4.1813,NREM,4.1296,Quite_Wake
83,4.1835,NREM,4.1384,Quite_Wake
84,4.1834,NREM,4.1379,Quite_Wake
85,4.1689,NREM,4.1128,Quite_Wake
86,4.1654,NREM,4.1229,Quite_Wake
87,4.1880500000000005,NREM,4.12845,Quite_Wake
88,4.1974,NREM,4.13775,Quite_Wake
89,4.235,REM,4.15005,Quite_Wake
90,4.23255,REM,4.1524,Quite_Wake
91,4.2362,REM,4.1553,Quite_Wake
92,4.2303,REM,4.202,Quite_Wake
93,4.2259,REM,4.162,Quite_Wake
94,4.2176,REM,4.16,Quite_Wake
95,4.2632,REM,4.1541,Quite_Wake
96,4.2597,REM,4.1358,Quite_Wake
97,4.2531,REM,4.1526,Quite_Wake
98,4.2552,REM,,
99,4.2040500000000005,Quite_Wake,,
100,4.1839,Quite_Wake,,
101,4.1855,Quite_Wake,,
102,4.1605,Quite_Wake,,
103,4.1655,Quite_Wake,,
104,4.1829,Quite_Wake,,
105,4.16515,Quite_Wake,,
106,4.1698,Quite_Wake,,
107,4.1689,Quite_Wake,,
108,4.1720500000000005,Quite_Wake,,
109,4.1677,Quite_Wake,,
110,4.14575,Quite_Wake,,
111,4.1539,Quite_Wake,,
112,4.1501,Quite_Wake,,
113,4.1466,Quite_Wake,,
114,4.1514,Quite_Wake,,
115,4.1589,Quite_Wake,,
116,4.1562,Quite_Wake,,
117,4.1636,Quite_Wake,,
118,4.2224,Quite_Wake,,
119,4.1972,Quite_Wake,,
120,4.2207,Quite_Wake,,
121,4.233,Quite_Wake,,
122,4.1775,Quite_Wake,,
123,4.1936,Quite_Wake,,
124,4.1723,Quite_Wake,,
125,4.2202,Quite_Wake,,
