,intensity_003,states_003,intensity_005,states_005
0,265450.0,Active_wake,397360.0,Active_wake
1,267215.0,Active_wake,408370.0,Active_wake
2,254270.0,Active_wake,409615.0,Active_wake
3,249390.0,Active_wake,419010.0,Active_wake
4,257970.0,Active_wake,406405.0,Active_wake
5,251685.0,Active_wake,407650.0,Active_wake
6,250965.0,Active_wake,411480.0,Active_wake
7,260290.0,Active_wake,410080.0,Active_wake
8,243560.0,Active_wake,389960.0,Active_wake
9,244200.0,Active_wake,407870.0,Active_wake
10,253540.0,Active_wake,405840.0,Active_wake
11,256010.0,Active_wake,410530.0,Active_wake
12,254290.0,Active_wake,404045.0,Active_wake
13,252250.0,Active_wake,406270.0,Active_wake
14,252320.0,Active_wake,407900.0,Active_wake
15,253220.0,Active_wake,397940.0,Active_wake
16,240510.0,Active_wake,412580.0,Active_wake
17,261230.0,Active_wake,418020.0,Active_wake
18,252955.0,Active_wake,413000.0,Active_wake
19,256740.0,Active_wake,397515.0,Active_wake
20,257510.0,Active_wake,403700.0,Active_wake
21,253175.0,Active_wake,396610.0,Active_wake
22,239840.0,Active_wake,419140.0,Active_wake
23,253215.0,Active_wake,418690.0,Active_wake
24,262870.0,Active_wake,411715.0,Active_wake
25,254865.0,Active_wake,425480.0,Active_wake
26,262360.0,Active_wake,421110.0,Active_wake
27,263360.0,Active_wake,423580.0,Active_wake
28,263860.0,Active_wake,424460.0,Active_wake
29,237930.0,Active_wake,423315.0,Active_wake
30,256540.0,Active_wake,423705.0,Active_wake
31,260640.0,Active_wake,421075.0,Active_wake
32,255120.0,Active_wake,385960.0,Active_wake
33,262275.0,Active_wake,416330.0,Active_wake
34,260120.0,Active_wake,408640.0,Active_wake
35,249095.0,Active_wake,416840.0,Active_wake
36,255225.0,Active_wake,415760.0,Active_wake
37,252885.0,Active_wake,417440.0,Active_wake
38,256720.0,Active_wake,385895.0,Active_wake
39,254210.0,Active_wake,373340.0,NREM
40,259990.0,Active_wake,372490.0,NREM
41,254600.0,Active_wake,384700.0,NREM
42,267110.0,Active_wake,370395.0,NREM
43,233010.0,NREM,370700.0,NREM
44,229140.0,NREM,372325.0,NREM
45,250490.0,NREM,368815.0,NREM
46,230970.0,NREM,377190.0,NREM
47,228820.0,NREM,374270.0,NREM
48,228305.0,NREM,375990.0,NREM
49,229560.0,NREM,386250.0,NREM
50,227535.0,NREM,372375.0,NREM
51,235215.0,NREM,379440.0,NREM
52,224655.0,NREM,373430.0,NREM
53,229860.0,NREM,372850.0,NREM
54,230990.0,NREM,364350.0,NREM
55,230620.0,NREM,370200.0,NREM
56,232710.0,NREM,368380.0,NREM
57,225450.0,NREM,368905.0,NREM
58,224690.0,NREM,364660.0,NREM
59,221330.0,NREM,369830.0,NREM
60,225410.0,NREM,367735.0,NREM
61,218605.0,NREM,369480.0,NREM
62,220465.0,NREM,367010.0,NREM
63,221300.0,NREM,373835.0,NREM
64,222030.0,NREM,376740.0,NREM
65,220310.0,NREM,407910.0,REM
66,222010.0,NREM,393570.0,REM
67,231910.0,NREM,400595.0,REM
68,231405.0,NREM,388810.0,REM
69,228730.0,NREM,394060.0,REM
70,225690.0,NREM,399820.0,Quite_Wake
71,226180.0,NREM,404810.0,Quite_Wake
72,222180.0,NREM,390530.0,Quite_Wake
73,223575.0,NREM,393080.0,Quite_Wake
74,223860.0,NREM,393800.0,Quite_Wake
75,222260.0,NREM,394240.0,Quite_Wake
76,229670.0,NREM,399190.0,Quite_Wake
77,234610.0,NREM,395140.0,Quite_Wake
78,226630.0,NREM,398910.0,Quite_Wake
79,224105.0,NREM,381140.0,Quite_Wake
80,224235.0,NREM,397040.0,Quite_Wake
81,221440.0,NREM,388405.0,Quite_Wake
82,223370.0,NREM,392810.0,Quite_Wake
83,223720.0,NREM,389795.0,Quite_Wake
84,222340.0,NREM,399400.0,Quite_Wake
85,239305.0,NREM,382720.0,Quite_Wake
86,232205.0,NREM,392360.0,Quite_Wake
87,231650.0,NREM,390745.0,Quite_Wake
88,227650.0,NREM,391200.0,Quite_Wake
89,249130.0,REM,398595.0,Quite_Wake
90,251600.0,REM,391410.0,Quite_Wake
91,247950.0,REM,391270.0,Quite_Wake
92,246360.0,REM,392580.0,Quite_Wake
93,241860.0,REM,390650.0,Quite_Wake
94,239500.0,REM,387695.0,Quite_Wake
95,250090.0,REM,395660.0,Quite_Wake
96,249140.0,REM,379730.0,Quite_Wake
97,246800.0,REM,386540.0,Quite_Wake
98,245300.0,REM,,
99,244655.0,Quite_Wake,,
100,241590.0,Quite_Wake,,
101,244170.0,Quite_Wake,,
102,238560.0,Quite_Wake,,
103,234025.0,Quite_Wake,,
104,245220.0,Quite_Wake,,
105,239645.0,Quite_Wake,,
106,237380.0,Quite_Wake,,
107,231220.0,Quite_Wake,,
108,225075.0,Quite_Wake,,
109,225160.0,Quite_Wake,,
110,239805.0,Quite_Wake,,
111,242140.0,Quite_Wake,,
112,239670.0,Quite_Wake,,
113,239780.0,Quite_Wake,,
114,237960.0,Quite_Wake,,
115,239460.0,Quite_Wake,,
116,238940.0,Quite_Wake,,
117,237460.0,Quite_Wake,,
118,245120.0,Quite_Wake,,
119,228240.0,Quite_Wake,,
120,246490.0,Quite_Wake,,
121,250030.0,Quite_Wake,,
122,232480.0,Quite_Wake,,
123,249545.0,Quite_Wake,,
124,240625.0,Quite_Wake,,
125,253800.0,Quite_Wake,,
