,lft_emp,state
1,4.2679,Active_wake
2,4.2415,Active_wake
3,4.2409,Active_wake
4,4.228400000000001,Active_wake
5,4.22475,Active_wake
6,4.2315,Active_wake
7,4.2352,Active_wake
8,4.2433,Active_wake
9,4.2591,Active_wake
10,4.24465,Active_wake
11,4.2434,Active_wake
12,4.2282,Active_wake
13,4.2583,Active_wake
14,4.2588,Active_wake
15,4.2221,Active_wake
16,4.2534,Active_wake
17,4.2376000000000005,Active_wake
18,4.2644,Active_wake
19,4.2326,Active_wake
20,4.2598,Active_wake
21,4.2145,Active_wake
22,4.2313,Active_wake
23,4.2563,Active_wake
24,4.2424,Active_wake
25,4.2662,Active_wake
26,4.2341999999999995,Active_wake
27,4.2548,Active_wake
28,4.2441,Active_wake
29,4.2374,Active_wake
30,4.215949999999999,Active_wake
31,4.226,Active_wake
32,4.2345,Active_wake
33,4.2193,Active_wake
34,4.2475,Active_wake
35,4.23535,Active_wake
36,4.204,Active_wake
37,4.2541,Active_wake
38,4.2402,Active_wake
39,4.2265,Active_wake
40,4.2347,Active_wake
41,4.2406,Active_wake
42,4.2359,Active_wake
43,4.237,Active_wake
44,4.2491,Active_wake
45,4.24055,Active_wake
46,4.24685,Active_wake
47,4.2723,Active_wake
48,4.2513,Active_wake
49,4.3008,Active_wake
50,4.2894,Active_wake
51,4.2847,Active_wake
52,4.2684,Active_wake
53,4.25735,Active_wake
54,4.22265,Active_wake
55,4.2136,Active_wake
56,4.263,Active_wake
57,4.2732,Active_wake
58,4.2254,Active_wake
59,4.25015,Active_wake
60,4.2519,Active_wake
61,4.2342,Active_wake
62,4.2651,Active_wake
63,4.23645,Active_wake
64,4.2484,Active_wake
65,4.2575,Active_wake
66,4.24835,Active_wake
67,4.257149999999999,Active_wake
68,4.222799999999999,Active_wake
69,4.2604,Active_wake
70,4.260400000000001,Active_wake
71,4.24175,Active_wake
1,4.18155,NREM
2,4.18375,NREM
3,4.1628,NREM
4,4.1776,NREM
5,4.17995,NREM
6,4.1844,NREM
7,4.18895,NREM
8,4.1916,NREM
9,4.19095,NREM
10,4.1665,NREM
11,4.1745,NREM
12,4.17625,NREM
13,4.17305,NREM
14,4.1743,NREM
15,4.1812000000000005,NREM
16,4.1772,NREM
17,4.178,NREM
18,4.190799999999999,NREM
19,4.1831,NREM
20,4.1824,NREM
21,4.184,NREM
22,4.193,NREM
23,4.1677,NREM
24,4.1735,NREM
25,4.17985,NREM
26,4.17645,NREM
27,4.1806,NREM
28,4.19575,NREM
29,4.2054,NREM
30,4.21195,NREM
31,4.2162500000000005,NREM
32,4.222,NREM
33,4.2143,NREM
34,4.214,NREM
35,4.2202,NREM
36,4.2175,NREM
37,4.1778,NREM
38,4.1809,NREM
39,4.2001,NREM
40,4.1905,NREM
41,4.18205,NREM
42,4.1825,NREM
43,4.17635,NREM
44,4.185,NREM
45,4.1869,NREM
46,4.2014,NREM
47,4.20845,NREM
48,4.2066,NREM
49,4.19045,NREM
50,4.1757,NREM
51,4.1903,NREM
52,4.1998,NREM
53,4.2126,NREM
1,4.265499999999999,REM
2,4.257899999999999,REM
3,4.2618,REM
4,4.2448,REM
5,4.271050000000001,REM
6,4.2074,REM
7,4.2558,REM
8,4.2261500000000005,REM
9,4.2538,REM
10,4.2636,REM
11,4.2713,REM
12,4.2686,REM
13,4.2911,REM
14,4.3029,REM
15,4.2608,REM
16,4.2876,REM
17,4.25115,REM
18,4.2562999999999995,REM
19,4.2822499999999994,REM
20,4.2848,REM
21,4.284549999999999,REM
22,4.256,REM
23,4.23855,REM
24,4.2851,REM
1,4.174849999999999,Quite_Wake
2,4.2285,Quite_Wake
3,4.1688,Quite_Wake
4,4.2094,Quite_Wake
5,4.2272,Quite_Wake
6,4.23485,Quite_Wake
7,4.2041,Quite_Wake
8,4.2209,Quite_Wake
9,4.2303999999999995,Quite_Wake
10,4.2084,Quite_Wake
11,4.229850000000001,Quite_Wake
12,4.2277,Quite_Wake
13,4.2298,Quite_Wake
14,4.1821,Quite_Wake
15,4.21705,Quite_Wake
16,4.218500000000001,Quite_Wake
17,4.2149,Quite_Wake
18,4.2046,Quite_Wake
19,4.1968,Quite_Wake
20,4.1865,Quite_Wake
21,4.2102,Quite_Wake
22,4.1892,Quite_Wake
23,4.2164,Quite_Wake
24,4.1834,Quite_Wake
25,4.1662,Quite_Wake
26,4.2143,Quite_Wake
27,4.2089,Quite_Wake
28,4.1869,Quite_Wake
29,4.1899,Quite_Wake
30,4.1772,Quite_Wake
31,4.2025,Quite_Wake
32,4.22405,Quite_Wake
33,4.2051,Quite_Wake
34,4.2063,Quite_Wake
35,4.2132000000000005,Quite_Wake
36,4.2041,Quite_Wake
37,4.2644,Quite_Wake
38,4.2620000000000005,Quite_Wake
39,4.239,Quite_Wake
40,4.2325,Quite_Wake
41,4.2444,Quite_Wake
42,4.2466,Quite_Wake
43,4.2363,Quite_Wake
44,4.22365,Quite_Wake
45,4.22135,Quite_Wake
46,4.2167,Quite_Wake
47,4.2508,Quite_Wake
48,4.2215,Quite_Wake
49,4.2584,Quite_Wake
50,4.2455,Quite_Wake
51,4.2418,Quite_Wake
52,4.2272,Quite_Wake
53,4.2396,Quite_Wake
54,4.2656,Quite_Wake
