,lft_emp,state
1,4.1854,Active_wake
2,4.1859,Active_wake
3,4.1834,Active_wake
4,4.19675,Active_wake
5,4.1809,Active_wake
6,4.1613,Active_wake
7,4.1447,Active_wake
8,4.1768,Active_wake
9,4.1706,Active_wake
10,4.1586,Active_wake
11,4.1749,Active_wake
12,4.18565,Active_wake
13,4.179,Active_wake
14,4.1698,Active_wake
15,4.1759,Active_wake
16,4.1928,Active_wake
17,4.1793,Active_wake
18,4.1884999999999994,Active_wake
19,4.1674500000000005,Active_wake
20,4.1721,Active_wake
21,4.1789,Active_wake
22,4.1678,Active_wake
23,4.1433,Active_wake
24,4.20745,Active_wake
25,4.1855,Active_wake
26,4.187,Active_wake
27,4.1734,Active_wake
28,4.1686499999999995,Active_wake
29,4.1605,Active_wake
30,4.1457,Active_wake
31,4.1685,Active_wake
32,4.1654,Active_wake
33,4.1683,Active_wake
34,4.13855,Active_wake
35,4.1491,Active_wake
36,4.151,Active_wake
37,4.1712,Active_wake
38,4.1705,Active_wake
39,4.158799999999999,Active_wake
40,4.1893,Active_wake
41,4.1896,Active_wake
42,4.2014499999999995,Active_wake
43,4.19695,Active_wake
44,4.20975,Active_wake
45,4.23855,Active_wake
46,4.2384,Active_wake
47,4.208,Active_wake
48,4.2161,Active_wake
49,4.1809,Active_wake
50,4.2016,Active_wake
51,4.2013,Active_wake
52,4.18745,Active_wake
53,4.15185,Active_wake
1,4.148,NREM
2,4.1354,NREM
3,4.14465,NREM
4,4.1194,NREM
5,4.1338,NREM
6,4.1378,NREM
7,4.1279,NREM
8,4.1277,NREM
9,4.1437,NREM
10,4.1375,NREM
11,4.11955,NREM
12,4.1304,NREM
13,4.11845,NREM
14,4.12315,NREM
15,4.1456,NREM
16,4.1426,NREM
17,4.1102,NREM
18,4.131550000000001,NREM
19,4.116899999999999,NREM
20,4.1165,NREM
21,4.1611,NREM
22,4.1706,NREM
23,4.1608,NREM
24,4.1699,NREM
25,4.17625,NREM
26,4.1802,NREM
27,4.17685,NREM
28,4.1281,NREM
29,4.1354,NREM
30,4.146,NREM
31,4.1616,NREM
32,4.1497,NREM
33,4.1658,NREM
1,4.21965,REM
2,4.1942,REM
3,4.2382,REM
4,4.2458,REM
5,4.2219,REM
1,4.1554,Quite_Wake
2,4.19045,Quite_Wake
3,4.1674500000000005,Quite_Wake
4,4.134650000000001,Quite_Wake
5,4.14415,Quite_Wake
6,4.1277,Quite_Wake
7,4.1411999999999995,Quite_Wake
8,4.148,Quite_Wake
9,4.130850000000001,Quite_Wake
10,4.1513,Quite_Wake
11,4.141500000000001,Quite_Wake
12,4.1404499999999995,Quite_Wake
13,4.1668,Quite_Wake
14,4.16775,Quite_Wake
15,4.1467,Quite_Wake
16,4.1539,Quite_Wake
17,4.1467,Quite_Wake
18,4.1655,Quite_Wake
19,4.152150000000001,Quite_Wake
20,4.1716,Quite_Wake
21,4.1584,Quite_Wake
22,4.1363,Quite_Wake
23,4.1413,Quite_Wake
24,4.12485,Quite_Wake
25,4.1296,Quite_Wake
26,4.1384,Quite_Wake
27,4.1379,Quite_Wake
28,4.1128,Quite_Wake
29,4.1229,Quite_Wake
30,4.12845,Quite_Wake
31,4.13775,Quite_Wake
32,4.15005,Quite_Wake
33,4.1524,Quite_Wake
34,4.1553,Quite_Wake
35,4.202,Quite_Wake
36,4.162,Quite_Wake
37,4.16,Quite_Wake
38,4.1541,Quite_Wake
39,4.1358,Quite_Wake
40,4.1526,Quite_Wake
