,intensity_003,states_003,intensity_002,states_002,intensity_004,states_004
0,314380.0,Active_wake,177730.0,Active_wake,256020.0,Active_wake
1,311800.0,Active_wake,169410.0,Active_wake,255880.0,Active_wake
2,305855.0,Active_wake,172050.0,Active_wake,256560.0,Active_wake
3,322760.0,Active_wake,172250.0,Active_wake,247400.0,Active_wake
4,314150.0,Active_wake,181950.0,Active_wake,253265.0,Active_wake
5,313500.0,Active_wake,169610.0,Active_wake,242430.0,Active_wake
6,313055.0,Active_wake,170225.0,Active_wake,256730.0,Active_wake
7,306860.0,Active_wake,177970.0,Active_wake,250450.0,Active_wake
8,309860.0,Active_wake,169990.0,Active_wake,255995.0,Active_wake
9,306880.0,Active_wake,170715.0,Active_wake,253260.0,Active_wake
10,306470.0,Active_wake,175700.0,Active_wake,258170.0,Active_wake
11,336520.0,Active_wake,180375.0,Active_wake,245190.0,Active_wake
12,335930.0,Active_wake,179740.0,Active_wake,256160.0,Active_wake
13,332075.0,Active_wake,178500.0,Active_wake,238870.0,Active_wake
14,315570.0,Active_wake,176905.0,Active_wake,259270.0,Active_wake
15,299455.0,Active_wake,177400.0,Active_wake,246160.0,Active_wake
16,325200.0,Active_wake,182450.0,Active_wake,251210.0,Active_wake
17,339565.0,Active_wake,173600.0,Active_wake,255210.0,Active_wake
18,323895.0,Active_wake,180040.0,Active_wake,239950.0,Active_wake
19,326290.0,Active_wake,172840.0,Active_wake,235780.0,Active_wake
20,328260.0,Active_wake,168935.0,Active_wake,258850.0,Active_wake
21,321030.0,Active_wake,178835.0,Active_wake,250470.0,Active_wake
22,315260.0,Active_wake,185440.0,Active_wake,262675.0,Active_wake
23,350520.0,Active_wake,181200.0,Active_wake,220950.0,Active_wake
24,328200.0,Active_wake,175830.0,Active_wake,231995.0,Active_wake
25,320390.0,Active_wake,179710.0,Active_wake,248150.0,Active_wake
26,319050.0,Active_wake,178130.0,Active_wake,250585.0,Active_wake
27,332410.0,Active_wake,184020.0,Active_wake,254980.0,Active_wake
28,275245.0,NREM,179910.0,Active_wake,261550.0,Active_wake
29,273525.0,NREM,188185.0,Active_wake,250205.0,Active_wake
30,274090.0,NREM,185240.0,Active_wake,246230.0,Active_wake
31,273290.0,NREM,181180.0,Active_wake,257160.0,Active_wake
32,274710.0,NREM,180135.0,Active_wake,260840.0,Active_wake
33,275650.0,NREM,175560.0,Active_wake,254470.0,Active_wake
34,277890.0,NREM,185200.0,Active_wake,256645.0,Active_wake
35,279400.0,NREM,179105.0,Active_wake,236965.0,Active_wake
36,278600.0,NREM,178860.0,Active_wake,254980.0,Active_wake
37,276245.0,NREM,186740.0,Active_wake,242885.0,Active_wake
38,277770.0,NREM,183760.0,Active_wake,259110.0,Active_wake
39,279840.0,NREM,191505.0,Active_wake,266130.0,Active_wake
40,279840.0,NREM,184700.0,Active_wake,242865.0,Active_wake
41,281040.0,NREM,181310.0,Active_wake,259280.0,Active_wake
42,279940.0,NREM,187840.0,Active_wake,264630.0,Active_wake
43,284700.0,NREM,176205.0,Active_wake,224980.0,NREM
44,286800.0,NREM,175730.0,Active_wake,229920.0,NREM
45,288910.0,NREM,155215.0,NREM,220280.0,NREM
46,285170.0,NREM,155340.0,NREM,220070.0,NREM
47,285495.0,NREM,154000.0,NREM,224260.0,NREM
48,284790.0,NREM,156780.0,NREM,222500.0,NREM
49,305190.0,REM,154000.0,NREM,225180.0,NREM
50,316610.0,REM,153000.0,NREM,222020.0,NREM
51,327990.0,REM,155610.0,NREM,223360.0,NREM
52,331310.0,REM,153590.0,NREM,221310.0,NREM
53,330995.0,REM,154015.0,NREM,223065.0,NREM
54,326830.0,REM,152870.0,NREM,223770.0,NREM
55,333970.0,REM,153305.0,NREM,217760.0,NREM
56,336305.0,REM,153690.0,NREM,222830.0,NREM
57,347370.0,REM,151595.0,NREM,215300.0,NREM
58,296830.0,Quite_Wake,153455.0,NREM,219620.0,NREM
59,299500.0,Quite_Wake,155450.0,NREM,214700.0,NREM
60,301300.0,Quite_Wake,155635.0,NREM,215530.0,NREM
61,302855.0,Quite_Wake,154285.0,NREM,218230.0,NREM
62,297230.0,Quite_Wake,154920.0,NREM,220830.0,NREM
63,302750.0,Quite_Wake,154370.0,NREM,219520.0,NREM
64,300100.0,Quite_Wake,154195.0,NREM,220995.0,NREM
65,301835.0,Quite_Wake,154270.0,NREM,223640.0,NREM
66,299490.0,Quite_Wake,154920.0,NREM,220680.0,NREM
67,308795.0,Quite_Wake,155030.0,NREM,222115.0,NREM
68,303090.0,Quite_Wake,155090.0,NREM,228030.0,NREM
69,300040.0,Quite_Wake,156310.0,NREM,224850.0,NREM
70,307310.0,Quite_Wake,155130.0,NREM,221790.0,NREM
71,305425.0,Quite_Wake,156495.0,NREM,221840.0,NREM
72,306295.0,Quite_Wake,158735.0,NREM,223060.0,NREM
73,313640.0,Quite_Wake,155040.0,NREM,223540.0,NREM
74,315935.0,Quite_Wake,156720.0,NREM,223860.0,NREM
75,319605.0,Quite_Wake,154920.0,NREM,225825.0,NREM
76,326590.0,Quite_Wake,154460.0,NREM,222090.0,NREM
77,313145.0,Quite_Wake,156175.0,NREM,222760.0,NREM
78,314940.0,Quite_Wake,157930.0,NREM,224020.0,NREM
79,302520.0,Quite_Wake,156310.0,NREM,225080.0,NREM
80,,,154740.0,NREM,222895.0,NREM
81,,,154150.0,NREM,223860.0,NREM
82,,,155990.0,NREM,220510.0,NREM
83,,,157920.0,NREM,220950.0,NREM
84,,,156405.0,NREM,220290.0,NREM
85,,,155530.0,NREM,233460.0,NREM
86,,,157360.0,NREM,228030.0,NREM
87,,,158250.0,NREM,226260.0,NREM
88,,,158040.0,NREM,225520.0,NREM
89,,,158330.0,NREM,242300.0,REM
90,,,157770.0,NREM,234880.0,REM
91,,,158620.0,NREM,227030.0,REM
92,,,160330.0,NREM,237140.0,REM
93,,,159350.0,NREM,235230.0,REM
94,,,169675.0,REM,218020.0,REM
95,,,165820.0,REM,224280.0,REM
96,,,172785.0,REM,234940.0,REM
97,,,168395.0,REM,235215.0,REM
98,,,163270.0,REM,234510.0,REM
99,,,168990.0,REM,230820.0,REM
100,,,172385.0,REM,233545.0,REM
101,,,166720.0,REM,225860.0,REM
102,,,170700.0,REM,232085.0,REM
103,,,168680.0,REM,222960.0,REM
104,,,171080.0,REM,231645.0,REM
105,,,172120.0,REM,223190.0,REM
106,,,168460.0,REM,226295.0,REM
107,,,169940.0,REM,237960.0,REM
108,,,169620.0,REM,232455.0,REM
109,,,168830.0,REM,239080.0,Quite_Wake
110,,,169830.0,REM,237540.0,Quite_Wake
111,,,172880.0,REM,248310.0,Quite_Wake
112,,,159935.0,REM,244480.0,Quite_Wake
113,,,172120.0,REM,239070.0,Quite_Wake
114,,,172430.0,REM,238900.0,Quite_Wake
115,,,163920.0,REM,238740.0,Quite_Wake
116,,,167600.0,Quite_Wake,238465.0,Quite_Wake
117,,,165710.0,Quite_Wake,239670.0,Quite_Wake
118,,,167350.0,Quite_Wake,238685.0,Quite_Wake
119,,,170020.0,Quite_Wake,248810.0,Quite_Wake
120,,,169735.0,Quite_Wake,245950.0,Quite_Wake
121,,,165835.0,Quite_Wake,236500.0,Quite_Wake
122,,,165705.0,Quite_Wake,238940.0,Quite_Wake
123,,,167820.0,Quite_Wake,241305.0,Quite_Wake
124,,,167260.0,Quite_Wake,248410.0,Quite_Wake
125,,,166750.0,Quite_Wake,244870.0,Quite_Wake
126,,,171460.0,Quite_Wake,251120.0,Quite_Wake
127,,,172610.0,Quite_Wake,246290.0,Quite_Wake
128,,,166740.0,Quite_Wake,247310.0,Quite_Wake
129,,,171310.0,Quite_Wake,246710.0,Quite_Wake
130,,,168590.0,Quite_Wake,239370.0,Quite_Wake
131,,,170905.0,Quite_Wake,241340.0,Quite_Wake
132,,,163750.0,Quite_Wake,244530.0,Quite_Wake
133,,,173345.0,Quite_Wake,244110.0,Quite_Wake
134,,,168025.0,Quite_Wake,255160.0,Quite_Wake
135,,,171295.0,Quite_Wake,243610.0,Quite_Wake
136,,,176000.0,Quite_Wake,256350.0,Quite_Wake
137,,,165135.0,Quite_Wake,245900.0,Quite_Wake
138,,,167430.0,Quite_Wake,,
139,,,159690.0,Quite_Wake,,
140,,,171330.0,Quite_Wake,,
