,lft_emp,state
1,4.1648,Active_wake
2,4.2546,Active_wake
3,4.2506,Active_wake
4,4.2189499999999995,Active_wake
5,4.23865,Active_wake
6,4.232200000000001,Active_wake
7,4.2334,Active_wake
8,4.209099999999999,Active_wake
9,4.22195,Active_wake
10,4.1865,Active_wake
11,4.2353,Active_wake
12,4.2092,Active_wake
13,4.238200000000001,Active_wake
14,4.2429,Active_wake
15,4.2369,Active_wake
16,4.2133,Active_wake
17,4.23235,Active_wake
18,4.22875,Active_wake
19,4.24395,Active_wake
20,4.2185,Active_wake
21,4.2133,Active_wake
22,4.205,Active_wake
23,4.2648,Active_wake
24,4.2475,Active_wake
25,4.2235499999999995,Active_wake
26,4.2105,Active_wake
27,4.2646,Active_wake
28,4.21295,Active_wake
29,4.2102,Active_wake
30,4.2331,Active_wake
31,4.2445,Active_wake
32,4.2659,Active_wake
33,4.2688,Active_wake
34,4.2307,Active_wake
35,4.2192,Active_wake
36,4.2343,Active_wake
37,4.2323,Active_wake
38,4.2209,Active_wake
39,4.2057,Active_wake
40,4.2555,Active_wake
41,4.241099999999999,Active_wake
42,4.22545,Active_wake
43,,Active_wake
44,,Active_wake
45,,Active_wake
46,,Active_wake
47,,Active_wake
48,,Active_wake
49,,Active_wake
50,,Active_wake
51,,Active_wake
52,,Active_wake
53,,Active_wake
54,,Active_wake
55,,Active_wake
56,,Active_wake
57,,Active_wake
58,,Active_wake
59,,Active_wake
60,,Active_wake
61,,Active_wake
62,,Active_wake
63,,Active_wake
1,4.1706,NREM
2,4.1781,NREM
3,4.1848,NREM
4,4.17015,NREM
5,4.1702,NREM
6,4.1769,NREM
7,4.1744,NREM
8,4.18145,NREM
9,4.1867,NREM
10,4.1759,NREM
11,4.1694,NREM
12,4.16785,NREM
13,4.1738,NREM
14,4.1805,NREM
15,4.18825,NREM
16,4.1875,NREM
17,4.1682,NREM
18,4.1793,NREM
19,4.1817,NREM
20,4.1754,NREM
21,4.1829,NREM
22,4.1823,NREM
23,4.1884,NREM
24,4.1755,NREM
25,4.1585,NREM
26,4.161,NREM
27,4.1772,NREM
28,4.1971,NREM
29,4.1977,NREM
30,4.202,NREM
31,4.20085,NREM
32,4.20805,NREM
33,4.2079,NREM
34,4.2077,NREM
35,4.1671499999999995,NREM
36,4.17655,NREM
37,4.1838999999999995,NREM
38,4.18685,NREM
39,4.1881,NREM
40,4.1847,NREM
41,4.1833,NREM
42,4.1813,NREM
43,4.1884,NREM
44,4.1962,NREM
45,4.20585,NREM
46,4.2103,NREM
47,4.2126,NREM
48,4.1948,NREM
49,4.1983,NREM
50,4.20345,NREM
51,4.2093,NREM
52,4.1673,NREM
53,4.1676,NREM
54,4.1784,NREM
55,4.18455,NREM
56,4.19495,NREM
57,4.1969,NREM
58,4.193,NREM
59,4.1966,NREM
60,4.2018,NREM
61,4.2026,NREM
62,4.2061,NREM
63,4.2157,NREM
1,4.25955,REM
2,4.2172,REM
3,4.23125,REM
4,4.2494,REM
5,4.2651,REM
6,4.23995,REM
7,4.2469,REM
8,4.2594,REM
9,4.2436,REM
10,4.2615,REM
11,4.24925,REM
12,4.26205,REM
13,4.2591,REM
14,4.26895,REM
15,4.262,REM
16,4.2414,REM
17,4.28205,REM
18,4.2499,REM
19,4.2391000000000005,REM
20,4.2415,REM
21,4.268,REM
22,4.2621,REM
23,4.27075,REM
24,4.2618,REM
25,4.29175,REM
26,4.251049999999999,REM
27,4.266299999999999,REM
28,4.2755,REM
29,4.28575,REM
30,4.2342,REM
31,4.2697,REM
32,4.2827,REM
33,4.28835,REM
1,4.2517,Quite_Wake
2,4.20765,Quite_Wake
3,4.2038,Quite_Wake
4,4.2042,Quite_Wake
5,4.2097,Quite_Wake
6,4.2216,Quite_Wake
7,4.188700000000001,Quite_Wake
8,4.2135,Quite_Wake
9,4.23875,Quite_Wake
10,4.2378,Quite_Wake
11,4.18,Quite_Wake
12,4.2293,Quite_Wake
13,4.20395,Quite_Wake
14,4.2704,Quite_Wake
15,4.254,Quite_Wake
16,4.2158,Quite_Wake
17,4.2032,Quite_Wake
18,4.2335,Quite_Wake
19,4.2161,Quite_Wake
20,4.2289,Quite_Wake
21,4.25135,Quite_Wake
22,4.2093,Quite_Wake
23,4.21205,Quite_Wake
24,4.1945,Quite_Wake
25,4.2163,Quite_Wake
26,4.2436,Quite_Wake
27,4.2398,Quite_Wake
