,intensity_004,states_004,intensity_003,states_003,intensity_005,states_005
0,147930.0,Active_wake,123785.0,Active_wake,210665.0,Active_wake
1,147370.0,Active_wake,123440.0,Active_wake,208030.0,Active_wake
2,146290.0,Active_wake,123830.0,Active_wake,206270.0,Active_wake
3,143960.0,Active_wake,123150.0,Active_wake,203510.0,Active_wake
4,143130.0,Active_wake,122960.0,Active_wake,206100.0,Active_wake
5,144000.0,Active_wake,123020.0,Active_wake,202230.0,Active_wake
6,142700.0,Active_wake,123120.0,Active_wake,208140.0,Active_wake
7,144370.0,Active_wake,123390.0,Active_wake,207435.0,Active_wake
8,127520.0,Active_wake,122250.0,Active_wake,203380.0,Active_wake
9,149030.0,Active_wake,123010.0,Active_wake,207800.0,Active_wake
10,147060.0,Active_wake,121710.0,Active_wake,205725.0,Active_wake
11,145850.0,Active_wake,122390.0,Active_wake,206900.0,Active_wake
12,143030.0,Active_wake,126200.0,Active_wake,208715.0,Active_wake
13,142000.0,Active_wake,122550.0,Active_wake,208205.0,Active_wake
14,142920.0,Active_wake,122240.0,Active_wake,212650.0,Active_wake
15,147520.0,Active_wake,121865.0,Active_wake,211950.0,Active_wake
16,146235.0,Active_wake,122890.0,Active_wake,208380.0,Active_wake
17,145040.0,Active_wake,119795.0,Active_wake,210670.0,Active_wake
18,144530.0,Active_wake,123800.0,Active_wake,208680.0,Active_wake
19,144100.0,Active_wake,119440.0,Active_wake,209555.0,Active_wake
20,144980.0,Active_wake,121630.0,Active_wake,200630.0,Active_wake
21,141720.0,Active_wake,123310.0,Active_wake,210185.0,Active_wake
22,144170.0,Active_wake,112550.0,Active_wake,212300.0,Active_wake
23,140250.0,Active_wake,123015.0,Active_wake,212855.0,Active_wake
24,144070.0,Active_wake,125170.0,Active_wake,209965.0,Active_wake
25,122910.0,NREM,121500.0,Active_wake,206190.0,Active_wake
26,122690.0,NREM,118005.0,Active_wake,190730.0,NREM
27,123940.0,NREM,103380.0,NREM,183490.0,NREM
28,125060.0,NREM,103685.0,NREM,182215.0,NREM
29,124800.0,NREM,103780.0,NREM,182080.0,NREM
30,129080.0,NREM,104170.0,NREM,182920.0,NREM
31,123770.0,NREM,103260.0,NREM,182580.0,NREM
32,122770.0,NREM,103695.0,NREM,187380.0,NREM
33,124000.0,NREM,104100.0,NREM,183130.0,NREM
34,125520.0,NREM,104290.0,NREM,187455.0,NREM
35,126210.0,NREM,104020.0,NREM,182010.0,NREM
36,124500.0,NREM,104580.0,NREM,181590.0,NREM
37,125055.0,NREM,104250.0,NREM,182640.0,NREM
38,126755.0,NREM,104295.0,NREM,183485.0,NREM
39,125650.0,NREM,106590.0,NREM,183780.0,NREM
40,126195.0,NREM,105690.0,NREM,183680.0,NREM
41,125010.0,NREM,105890.0,NREM,183040.0,NREM
42,125460.0,NREM,106390.0,NREM,183305.0,NREM
43,125800.0,NREM,105830.0,NREM,182370.0,NREM
44,135950.0,REM,109200.0,NREM,183800.0,NREM
45,138045.0,REM,107010.0,REM,182670.0,NREM
46,138230.0,REM,113975.0,REM,183730.0,NREM
47,134570.0,REM,114165.0,REM,183905.0,NREM
48,138720.0,REM,115640.0,REM,184360.0,NREM
49,134260.0,REM,117200.0,REM,181000.0,NREM
50,139230.0,REM,115935.0,REM,183890.0,NREM
51,138360.0,REM,118970.0,REM,184330.0,NREM
52,140280.0,REM,110950.0,REM,183300.0,NREM
53,137905.0,REM,115580.0,REM,184295.0,NREM
54,135670.0,REM,118660.0,REM,186420.0,NREM
55,140800.0,REM,117515.0,REM,186425.0,NREM
56,139410.0,Quite_Wake,122020.0,Quite_Wake,186400.0,NREM
57,141400.0,Quite_Wake,111450.0,Quite_Wake,186600.0,NREM
58,141230.0,Quite_Wake,116550.0,Quite_Wake,186050.0,NREM
59,139370.0,Quite_Wake,111730.0,Quite_Wake,184690.0,NREM
60,140300.0,Quite_Wake,115780.0,Quite_Wake,185215.0,NREM
61,140450.0,Quite_Wake,120980.0,Quite_Wake,186500.0,NREM
62,143895.0,Quite_Wake,117730.0,Quite_Wake,184350.0,NREM
63,143060.0,Quite_Wake,115900.0,Quite_Wake,186870.0,NREM
64,136420.0,Quite_Wake,114920.0,Quite_Wake,187700.0,NREM
65,134020.0,Quite_Wake,119260.0,Quite_Wake,186530.0,NREM
66,139860.0,Quite_Wake,114630.0,Quite_Wake,186450.0,NREM
67,143500.0,Quite_Wake,120460.0,Quite_Wake,199545.0,REM
68,142460.0,Quite_Wake,117250.0,Quite_Wake,203340.0,REM
69,128650.0,Quite_Wake,118175.0,Quite_Wake,198390.0,REM
70,133450.0,Quite_Wake,116250.0,Quite_Wake,202940.0,REM
71,145550.0,Quite_Wake,107770.0,Quite_Wake,202670.0,REM
72,138555.0,Quite_Wake,116310.0,Quite_Wake,205990.0,REM
73,141500.0,Quite_Wake,115770.0,Quite_Wake,203960.0,REM
74,137680.0,Quite_Wake,114560.0,Quite_Wake,199740.0,REM
75,135230.0,Quite_Wake,122350.0,Quite_Wake,203010.0,REM
76,136800.0,Quite_Wake,119120.0,Quite_Wake,199960.0,REM
77,128525.0,Quite_Wake,,,202190.0,REM
78,,,,,198985.0,REM
79,,,,,204935.0,REM
80,,,,,206715.0,REM
81,,,,,204105.0,REM
82,,,,,207930.0,REM
83,,,,,197670.0,REM
84,,,,,206470.0,REM
85,,,,,209095.0,REM
86,,,,,208420.0,REM
87,,,,,205810.0,REM
88,,,,,204280.0,REM
89,,,,,205460.0,REM
90,,,,,208130.0,REM
91,,,,,203310.0,Quite_Wake
92,,,,,197590.0,Quite_Wake
93,,,,,199530.0,Quite_Wake
94,,,,,191390.0,Quite_Wake
95,,,,,199520.0,Quite_Wake
96,,,,,203430.0,Quite_Wake
97,,,,,201975.0,Quite_Wake
98,,,,,198010.0,Quite_Wake
99,,,,,206300.0,Quite_Wake
100,,,,,199745.0,Quite_Wake
101,,,,,202870.0,Quite_Wake
102,,,,,203580.0,Quite_Wake
103,,,,,201810.0,Quite_Wake
104,,,,,201665.0,Quite_Wake
105,,,,,207340.0,Quite_Wake
106,,,,,205030.0,Quite_Wake
107,,,,,202500.0,Quite_Wake
108,,,,,205420.0,Quite_Wake
109,,,,,193240.0,Quite_Wake
110,,,,,208260.0,Quite_Wake
