,lft_emp_004,states_004,lft_emp_003,states_003,lft_emp_005,states_005
0,4.2377,Active_wake,4.201700000000001,Active_wake,4.2168,Active_wake
1,4.23855,Active_wake,4.20415,Active_wake,4.2037,Active_wake
2,4.2429,Active_wake,4.193,Active_wake,4.2044,Active_wake
3,4.2484,Active_wake,4.2098,Active_wake,4.2099,Active_wake
4,4.2497,Active_wake,4.2089,Active_wake,4.1981,Active_wake
5,4.2493,Active_wake,4.211,Active_wake,4.1832,Active_wake
6,4.2423,Active_wake,4.2156,Active_wake,4.20145,Active_wake
7,4.2611,Active_wake,4.2158,Active_wake,4.2095,Active_wake
8,4.2212,Active_wake,4.2099,Active_wake,4.18315,Active_wake
9,4.3003,Active_wake,4.21555,Active_wake,4.2079,Active_wake
10,4.2795000000000005,Active_wake,4.2031,Active_wake,4.2014,Active_wake
11,4.2813,Active_wake,4.2177500000000006,Active_wake,4.2187,Active_wake
12,4.253,Active_wake,4.2403,Active_wake,4.2086,Active_wake
13,4.2487,Active_wake,4.2238500000000005,Active_wake,4.222300000000001,Active_wake
14,4.25575,Active_wake,4.2135,Active_wake,4.2636,Active_wake
15,4.3017,Active_wake,4.21345,Active_wake,4.2511,Active_wake
16,4.285,Active_wake,4.2281,Active_wake,4.24405,Active_wake
17,4.275,Active_wake,4.2172,Active_wake,4.2569,Active_wake
18,4.2833,Active_wake,4.2318,Active_wake,4.23105,Active_wake
19,4.2645,Active_wake,4.2204,Active_wake,4.2198,Active_wake
20,4.2556,Active_wake,4.2283,Active_wake,4.1923,Active_wake
21,4.2474,Active_wake,4.2215,Active_wake,4.2362,Active_wake
22,4.2641,Active_wake,4.180199999999999,Active_wake,4.2305,Active_wake
23,4.2484,Active_wake,4.2174,Active_wake,4.22425,Active_wake
24,4.2758,Active_wake,4.2095,Active_wake,4.2108,Active_wake
25,4.1674,NREM,4.2136,Active_wake,4.19735,Active_wake
26,4.17095,NREM,4.2142,Active_wake,4.1575,NREM
27,4.1913,NREM,4.1169,NREM,4.1328,NREM
28,4.2021,NREM,4.121700000000001,NREM,4.1312,NREM
29,4.2041,NREM,4.1308,NREM,4.1379,NREM
30,4.1953,NREM,4.1379,NREM,4.1469,NREM
31,4.1808,NREM,4.1362,NREM,4.1535,NREM
32,4.1882,NREM,4.14055,NREM,4.1355,NREM
33,4.1941500000000005,NREM,4.1291,NREM,4.12755,NREM
34,4.208,NREM,4.141,NREM,4.15535,NREM
35,4.2134,NREM,4.1413,NREM,4.1428,NREM
36,4.193,NREM,4.14315,NREM,4.1513,NREM
37,4.20285,NREM,4.1411,NREM,4.1629,NREM
38,4.21835,NREM,4.1396,NREM,4.1723,NREM
39,4.2154,NREM,4.1327,NREM,4.1797,NREM
40,4.21835,NREM,4.13175,NREM,4.1772,NREM
41,4.1902,NREM,4.1432,NREM,4.1782,NREM
42,4.2008,NREM,4.1483,NREM,4.1701,NREM
43,4.2081,NREM,4.1476,NREM,4.1704,NREM
44,4.2417,REM,4.2618,NREM,4.1797,NREM
45,4.2608,REM,4.1528,REM,4.1725,NREM
46,4.2723,REM,4.1992,REM,4.1763,NREM
47,4.2364,REM,4.19905,REM,4.1799,NREM
48,4.2653,REM,4.2074,REM,4.181,NREM
49,4.2653,REM,4.2085,REM,4.17735,NREM
50,4.2771,REM,4.211,REM,4.1781,NREM
51,4.26935,REM,4.21325,REM,4.1824,NREM
52,4.2879,REM,4.1852,REM,4.1412,NREM
53,4.27115,REM,4.2052,REM,4.155,NREM
54,4.2604,REM,4.2125,REM,4.1696,NREM
55,4.2661,REM,4.212,REM,4.1791,NREM
56,4.2079,Quite_Wake,4.18675,Quite_Wake,4.1736,NREM
57,4.2151,Quite_Wake,4.1459,Quite_Wake,4.1789,NREM
58,4.233,Quite_Wake,4.1633,Quite_Wake,4.17885,NREM
59,4.2295,Quite_Wake,4.1465,Quite_Wake,4.17765,NREM
60,4.2351,Quite_Wake,4.1669,Quite_Wake,4.1769,NREM
61,4.23,Quite_Wake,4.1913,Quite_Wake,4.147,NREM
62,4.28065,Quite_Wake,4.17765,Quite_Wake,4.1442,NREM
63,4.2651,Quite_Wake,4.1737,Quite_Wake,4.1565,NREM
64,4.236,Quite_Wake,4.1684,Quite_Wake,4.16785,NREM
65,4.21535,Quite_Wake,4.1964,Quite_Wake,4.1673,NREM
66,4.2395,Quite_Wake,4.19365,Quite_Wake,4.1716,NREM
67,4.2837,Quite_Wake,4.1969,Quite_Wake,4.193,REM
68,4.2712,Quite_Wake,4.19,Quite_Wake,4.218,REM
69,4.21115,Quite_Wake,4.20675,Quite_Wake,4.2086,REM
70,4.24235,Quite_Wake,4.1916,Quite_Wake,4.22775,REM
71,4.2991,Quite_Wake,4.167199999999999,Quite_Wake,4.2276,REM
72,4.26975,Quite_Wake,4.20005,Quite_Wake,4.2494,REM
73,4.2582,Quite_Wake,4.1938,Quite_Wake,4.2481,REM
74,4.2356,Quite_Wake,4.1794,Quite_Wake,4.23235,REM
75,4.2211,Quite_Wake,4.2075,Quite_Wake,4.2423,REM
76,4.2289,Quite_Wake,4.2005,Quite_Wake,4.2311,REM
77,4.214,Quite_Wake,,,4.22865,REM
78,,,,,4.2283,REM
79,,,,,4.24495,REM
80,,,,,4.2482,REM
81,,,,,4.21335,REM
82,,,,,4.229,REM
83,,,,,4.208550000000001,REM
84,,,,,4.2355,REM
85,,,,,4.24405,REM
86,,,,,4.247,REM
87,,,,,4.2444500000000005,REM
88,,,,,4.1982,REM
89,,,,,4.2173,REM
90,,,,,4.2309,REM
91,,,,,4.20365,Quite_Wake
92,,,,,4.1639,Quite_Wake
93,,,,,4.18,Quite_Wake
94,,,,,4.148149999999999,Quite_Wake
95,,,,,4.1764,Quite_Wake
96,,,,,4.1976,Quite_Wake
97,,,,,4.1926000000000005,Quite_Wake
98,,,,,4.1799,Quite_Wake
99,,,,,4.2439,Quite_Wake
100,,,,,4.22655,Quite_Wake
101,,,,,4.2302,Quite_Wake
102,,,,,4.2195,Quite_Wake
103,,,,,4.20065,Quite_Wake
104,,,,,4.2284500000000005,Quite_Wake
105,,,,,4.2383,Quite_Wake
106,,,,,4.2184,Quite_Wake
107,,,,,4.1945,Quite_Wake
108,,,,,4.1942,Quite_Wake
109,,,,,4.1618,Quite_Wake
110,,,,,4.23535,Quite_Wake
