,intensity,state
1,315020.0,Active_wake
2,310235.0,Active_wake
3,311900.0,Active_wake
4,312450.0,Active_wake
5,317645.0,Active_wake
6,299920.0,Active_wake
7,313410.0,Active_wake
8,311235.0,Active_wake
9,311780.0,Active_wake
10,314380.0,Active_wake
11,311800.0,Active_wake
12,305855.0,Active_wake
13,322760.0,Active_wake
14,314150.0,Active_wake
15,313500.0,Active_wake
16,313055.0,Active_wake
17,306860.0,Active_wake
18,309860.0,Active_wake
19,306880.0,Active_wake
20,306470.0,Active_wake
21,336520.0,Active_wake
22,335930.0,Active_wake
23,332075.0,Active_wake
24,315570.0,Active_wake
25,299455.0,Active_wake
26,325200.0,Active_wake
27,339565.0,Active_wake
28,323895.0,Active_wake
29,326290.0,Active_wake
30,328260.0,Active_wake
31,321030.0,Active_wake
32,315260.0,Active_wake
33,350520.0,Active_wake
34,328200.0,Active_wake
35,320390.0,Active_wake
36,319050.0,Active_wake
37,332410.0,Active_wake
1,276030.0,NREM
2,274670.0,NREM
3,275245.0,NREM
4,273525.0,NREM
5,274090.0,NREM
6,273290.0,NREM
7,274710.0,NREM
8,275650.0,NREM
9,277890.0,NREM
10,279400.0,NREM
11,278600.0,NREM
12,276245.0,NREM
13,277770.0,NREM
14,279840.0,NREM
15,279840.0,NREM
16,281040.0,NREM
17,279940.0,NREM
18,284700.0,NREM
19,286800.0,NREM
20,288910.0,NREM
21,285170.0,NREM
22,285495.0,NREM
23,284790.0,NREM
1,289445.0,REM
2,305190.0,REM
3,316610.0,REM
4,327990.0,REM
5,331310.0,REM
6,330995.0,REM
7,326830.0,REM
8,333970.0,REM
9,336305.0,REM
10,347370.0,REM
1,296950.0,Quite_Wake
2,290235.0,Quite_Wake
3,286790.0,Quite_Wake
4,280650.0,Quite_Wake
5,304530.0,Quite_Wake
6,299005.0,Quite_Wake
7,296830.0,Quite_Wake
8,299500.0,Quite_Wake
9,301300.0,Quite_Wake
10,302855.0,Quite_Wake
11,297230.0,Quite_Wake
12,302750.0,Quite_Wake
13,300100.0,Quite_Wake
14,301835.0,Quite_Wake
15,299490.0,Quite_Wake
16,308795.0,Quite_Wake
17,303090.0,Quite_Wake
18,300040.0,Quite_Wake
19,307310.0,Quite_Wake
20,305425.0,Quite_Wake
21,306295.0,Quite_Wake
22,313640.0,Quite_Wake
23,315935.0,Quite_Wake
24,319605.0,Quite_Wake
25,326590.0,Quite_Wake
26,313145.0,Quite_Wake
27,314940.0,Quite_Wake
28,302520.0,Quite_Wake
